OrderID,tanggal,CustomerID,ProdNumber,Quantity
1,2020-01-01,1866,EB514,2
2,2020-01-01,1567,RS706,3
3,2020-01-01,2064,TV804,6
4,2020-01-01,287,DK203,1
5,2020-01-01,422,EB517,5
6,2020-01-01,954,EB519,5
7,2020-01-02,726,RK604,2
8,2020-01-02,1740,TV810,1
9,2020-01-02,1652,TV804,2
10,2020-01-02,1431,DS304,2
11,2020-01-02,270,RK604,2
12,2020-01-02,815,DK201,5
13,2020-01-02,157,EB508,3
14,2020-01-02,179,BP107,2
15,2020-01-02,832,RK605,2
16,2020-01-03,1465,DK205,3
17,2020-01-03,678,RS702,2
18,2020-01-03,1644,DS301,4
19,2020-01-03,806,TV804,3
20,2020-01-04,997,DK209,2
21,2020-01-04,1272,TV804,3
22,2020-01-04,832,DK205,4
23,2020-01-04,1313,DS302,3
24,2020-01-04,638,RS702,5
25,2020-01-05,292,EB516,5
26,2020-01-05,1865,TV802,2
27,2020-01-05,1766,EB519,5
28,2020-01-05,281,EB517,4
29,2020-01-06,889,EB511,5
30,2020-01-06,435,EB518,6
31,2020-01-06,811,TV809,1
32,2020-01-06,148,DK203,3
33,2020-01-06,157,RS706,3
34,2020-01-06,841,RK606,4
35,2020-01-07,814,EB504,5
36,2020-01-07,1930,DS306,5
37,2020-01-07,426,RK605,4
38,2020-01-07,1336,TV804,2
39,2020-01-07,1708,EB501,1
40,2020-01-07,43,DS306,4
41,2020-01-07,378,EB502,6
42,2020-01-07,856,TV802,3
43,2020-01-07,1613,BP105,5
44,2020-01-08,587,RK602,1
45,2020-01-08,794,TV809,4
46,2020-01-08,2104,EB509,6
47,2020-01-08,1166,RK604,4
48,2020-01-09,1083,RS707,6
49,2020-01-09,371,EB513,5
50,2020-01-09,11,EB504,1
51,2020-01-09,1551,EB518,3
52,2020-01-09,1542,RS707,5
53,2020-01-10,2001,RS705,2
54,2020-01-10,647,DS304,2
55,2020-01-10,288,TV812,2
56,2020-01-11,934,DK208,4
57,2020-01-12,1653,EB509,6
58,2020-01-12,46,EB514,4
59,2020-01-12,1340,BP107,6
60,2020-01-12,366,RK606,3
61,2020-01-13,1798,EB513,4
62,2020-01-13,133,EB508,4
63,2020-01-13,1101,EB514,1
64,2020-01-13,894,TV809,5
65,2020-01-14,628,TV805,5
66,2020-01-14,1878,BP110,3
67,2020-01-14,1123,EB505,2
68,2020-01-14,1214,EB518,4
69,2020-01-14,1162,DS307,6
70,2020-01-14,1944,BP108,3
71,2020-01-15,185,BP110,5
72,2020-01-15,1202,EB505,5
73,2020-01-15,700,EB514,3
74,2020-01-16,1773,DK202,2
75,2020-01-16,96,DK205,5
76,2020-01-17,1264,EB503,4
77,2020-01-17,606,RK605,3
78,2020-01-17,1285,EB517,6
79,2020-01-18,897,DK209,3
80,2020-01-18,522,BP109,2
81,2020-01-18,653,EB521,3
82,2020-01-18,1845,TV804,2
83,2020-01-18,1052,EB504,6
84,2020-01-19,1751,DK205,3
85,2020-01-19,772,RK603,5
86,2020-01-19,1626,DK207,5
87,2020-01-20,99,EB518,1
88,2020-01-20,209,EB521,3
89,2020-01-20,459,EB511,4
90,2020-01-21,430,EB504,2
91,2020-01-21,1614,EB502,2
92,2020-01-21,681,RK602,4
93,2020-01-21,1634,RS707,4
94,2020-01-21,1792,EB517,2
95,2020-01-21,865,RS707,5
96,2020-01-21,932,DS307,4
97,2020-01-21,719,DS301,3
98,2020-01-21,1830,DS303,5
99,2020-01-21,1524,EB518,3
100,2020-01-21,847,RS704,6
101,2020-01-21,1002,RK606,2
102,2020-01-22,1326,DS306,3
103,2020-01-22,1833,DK202,5
104,2020-01-22,1302,DS302,1
105,2020-01-22,1103,EB521,3
106,2020-01-22,1830,DS305,4
107,2020-01-23,2035,TV813,5
108,2020-01-23,260,TV803,2
109,2020-01-23,1824,EB512,3
110,2020-01-23,1737,RS703,5
111,2020-01-23,160,DS305,5
112,2020-01-23,551,EB504,4
113,2020-01-23,1589,BP101,4
114,2020-01-23,275,DK206,4
115,2020-01-23,1523,TV811,4
116,2020-01-24,20,TV808,3
117,2020-01-24,908,DS305,2
118,2020-01-24,2031,DS301,3
119,2020-01-24,1436,BP109,3
120,2020-01-24,1599,EB504,4
121,2020-01-24,303,RK607,5
122,2020-01-24,5,TV804,1
123,2020-01-25,1078,DS306,5
124,2020-01-25,1646,BP107,5
125,2020-01-25,831,TV806,3
126,2020-01-25,1111,TV804,4
127,2020-01-26,1886,DK208,4
128,2020-01-26,2013,DS305,5
129,2020-01-26,1848,EB507,3
130,2020-01-27,1533,EB509,1
131,2020-01-27,1591,RS705,3
132,2020-01-27,345,EB503,5
133,2020-01-27,256,BP102,1
134,2020-01-27,1031,EB509,5
135,2020-01-27,216,EB513,4
136,2020-01-27,1839,EB520,5
137,2020-01-28,1802,TV805,3
138,2020-01-28,1306,EB502,4
139,2020-01-28,1942,EB509,3
140,2020-01-29,1842,BP105,4
141,2020-01-29,1344,EB504,4
142,2020-01-29,1161,TV802,5
143,2020-01-30,1227,EB514,4
144,2020-01-30,1157,RS703,5
145,2020-01-30,1572,DK206,4
146,2020-01-30,1696,BP107,3
147,2020-01-30,1741,RS703,3
148,2020-01-31,451,TV803,3
149,2020-01-31,961,DK208,4
150,2020-01-31,568,DS303,2
151,2020-01-31,2031,TV801,3
152,2020-01-31,1136,EB502,4
153,2020-01-31,1983,RK602,2
154,2020-02-01,1119,TV802,1
155,2020-02-01,685,TV808,5
156,2020-02-01,1505,DK209,3
157,2020-02-01,535,EB520,4
158,2020-02-02,1648,BP106,5
159,2020-02-02,645,BP106,5
160,2020-02-02,1036,BP110,4
161,2020-02-02,1628,BP108,2
162,2020-02-02,1996,EB511,5
163,2020-02-02,1585,RS703,2
164,2020-02-03,868,EB514,3
165,2020-02-03,1991,EB501,3
166,2020-02-03,604,DK202,2
167,2020-02-03,1070,RS707,5
168,2020-02-04,1825,RS703,4
169,2020-02-04,481,RK603,6
170,2020-02-04,2021,EB508,5
171,2020-02-04,500,BP109,3
172,2020-02-04,1320,TV812,3
173,2020-02-05,707,EB512,3
174,2020-02-05,1296,DK204,2
175,2020-02-05,496,RK605,5
176,2020-02-05,1547,DK202,3
177,2020-02-05,1508,TV813,2
178,2020-02-06,1267,DK208,3
179,2020-02-06,204,EB505,3
180,2020-02-06,1018,BP104,4
181,2020-02-06,770,DK209,3
182,2020-02-06,1081,BP110,3
183,2020-02-07,661,EB503,4
184,2020-02-07,302,EB504,4
185,2020-02-07,1589,BP102,4
186,2020-02-07,1084,EB505,2
187,2020-02-07,840,EB503,1
188,2020-02-07,510,DS307,5
189,2020-02-08,454,TV811,5
190,2020-02-08,1068,EB505,6
191,2020-02-08,1634,DK207,4
192,2020-02-08,1023,TV811,2
193,2020-02-08,958,DS304,3
194,2020-02-08,202,RS706,4
195,2020-02-09,1634,EB513,3
196,2020-02-09,1761,BP105,3
197,2020-02-09,934,RS704,4
198,2020-02-09,1033,BP105,3
199,2020-02-09,1905,EB509,2
200,2020-02-09,922,DK202,6
201,2020-02-09,456,RK602,3
202,2020-02-10,1614,DK207,1
203,2020-02-10,312,TV802,2
204,2020-02-10,203,EB513,3
205,2020-02-10,1289,RK602,3
206,2020-02-11,1894,DK207,5
207,2020-02-11,1951,EB516,4
208,2020-02-11,1290,DS302,3
209,2020-02-11,802,EB512,3
210,2020-02-11,1399,RS705,2
211,2020-02-12,1119,DS301,4
212,2020-02-12,2059,BP102,6
213,2020-02-12,1584,EB514,5
214,2020-02-12,680,DS305,1
215,2020-02-12,156,TV808,5
216,2020-02-12,1549,RS704,6
217,2020-02-12,1797,TV809,5
218,2020-02-12,906,DK203,4
219,2020-02-13,1233,DS306,2
220,2020-02-13,1043,RS704,5
221,2020-02-13,1161,TV807,5
222,2020-02-13,1002,EB519,5
223,2020-02-13,848,RK605,4
224,2020-02-14,1905,TV804,4
225,2020-02-14,240,DK207,2
226,2020-02-14,150,RS703,3
227,2020-02-15,2040,BP105,3
228,2020-02-15,1414,BP105,6
229,2020-02-15,560,DK208,2
230,2020-02-15,1170,BP106,2
231,2020-02-15,866,EB513,5
232,2020-02-16,1198,EB514,2
233,2020-02-16,962,DS303,1
234,2020-02-16,1114,EB504,4
235,2020-02-16,1123,TV813,3
236,2020-02-16,1457,RS704,3
237,2020-02-16,132,DS302,5
238,2020-02-16,1946,DS301,3
239,2020-02-16,1879,EB511,3
240,2020-02-17,422,EB511,4
241,2020-02-17,1861,TV811,3
242,2020-02-18,633,EB502,4
243,2020-02-18,1932,DK207,6
244,2020-02-18,1447,BP102,4
245,2020-02-18,973,DK208,4
246,2020-02-18,2082,DK201,5
247,2020-02-18,735,TV812,3
248,2020-02-18,1434,DS301,5
249,2020-02-19,724,EB516,2
250,2020-02-19,867,RS705,6
251,2020-02-20,1909,BP110,5
252,2020-02-20,1928,EB506,4
253,2020-02-20,126,DK205,5
254,2020-02-20,678,DK204,4
255,2020-02-21,1950,EB519,4
256,2020-02-21,1946,RS704,5
257,2020-02-21,1480,DK207,2
258,2020-02-21,1647,BP107,3
259,2020-02-21,1578,BP105,3
260,2020-02-21,1226,DK209,5
261,2020-02-21,1204,TV811,5
262,2020-02-21,198,BP108,5
263,2020-02-21,340,TV801,3
264,2020-02-22,1006,BP106,4
265,2020-02-24,497,BP110,2
266,2020-02-24,2101,EB519,2
267,2020-02-24,1454,DK201,1
268,2020-02-24,2099,RK604,2
269,2020-02-24,28,TV808,2
270,2020-02-24,146,TV812,1
271,2020-02-25,813,DS304,2
272,2020-02-25,1603,EB519,1
273,2020-02-25,505,EB520,3
274,2020-02-25,119,RS703,3
275,2020-02-25,1421,EB511,3
276,2020-02-25,1959,EB509,5
277,2020-02-25,1863,RK607,3
278,2020-02-25,680,EB521,1
279,2020-02-25,1742,BP105,4
280,2020-02-25,1608,BP107,3
281,2020-02-26,607,EB512,3
282,2020-02-26,1802,DK206,3
283,2020-02-26,1500,EB514,4
284,2020-02-26,1911,EB520,5
285,2020-02-26,915,TV807,5
286,2020-02-26,653,EB508,2
287,2020-02-27,1187,RK602,4
288,2020-02-27,580,TV804,4
289,2020-02-28,133,EB511,5
290,2020-02-28,1334,RS707,3
291,2020-02-28,522,EB519,4
292,2020-02-28,1851,EB502,4
293,2020-02-28,705,DS305,4
294,2020-02-29,363,EB518,1
295,2020-02-29,599,RS703,5
296,2020-03-01,1474,DK204,3
297,2020-03-01,1309,BP105,4
298,2020-03-01,1258,RS703,3
299,2020-03-01,1565,EB511,3
300,2020-03-01,358,RK603,2
301,2020-03-02,2041,RK602,4
302,2020-03-02,2022,DS303,4
303,2020-03-02,1688,TV804,2
304,2020-03-02,1223,EB506,2
305,2020-03-02,1712,DK205,5
306,2020-03-02,423,DK202,2
307,2020-03-02,1711,BP110,2
308,2020-03-02,912,BP109,5
309,2020-03-02,1570,DS304,4
310,2020-03-03,1726,RK605,3
311,2020-03-03,981,TV805,2
312,2020-03-03,1884,RS706,5
313,2020-03-03,1289,EB506,3
314,2020-03-03,1209,TV812,3
315,2020-03-03,404,RS702,1
316,2020-03-03,1102,RS703,3
317,2020-03-03,1520,DS302,3
318,2020-03-03,2045,EB508,4
319,2020-03-04,1445,DK208,1
320,2020-03-04,183,EB513,5
321,2020-03-04,1923,BP108,2
322,2020-03-05,1880,TV808,4
323,2020-03-06,321,DK204,3
324,2020-03-06,902,DK202,2
325,2020-03-06,281,EB513,1
326,2020-03-07,6,BP107,5
327,2020-03-07,1909,TV806,4
328,2020-03-07,1582,DS301,5
329,2020-03-07,1374,RK602,5
330,2020-03-08,1694,RK603,2
331,2020-03-08,1223,RS705,1
332,2020-03-08,1648,DS302,5
333,2020-03-08,1783,EB506,5
334,2020-03-09,1078,TV805,6
335,2020-03-09,1149,DS307,1
336,2020-03-09,1238,TV813,3
337,2020-03-09,1193,EB507,6
338,2020-03-09,797,RK602,4
339,2020-03-09,134,RS702,3
340,2020-03-10,460,TV804,1
341,2020-03-10,1072,BP101,3
342,2020-03-10,760,EB506,2
343,2020-03-10,331,RK604,4
344,2020-03-11,426,BP108,4
345,2020-03-11,1073,RK605,3
346,2020-03-11,1899,BP110,3
347,2020-03-12,1025,EB501,3
348,2020-03-12,2061,BP108,2
349,2020-03-12,1523,RS704,3
350,2020-03-12,508,RK606,2
351,2020-03-13,200,RS706,4
352,2020-03-13,2090,DS306,5
353,2020-03-13,1847,RS703,2
354,2020-03-13,1502,DS302,5
355,2020-03-13,1850,BP110,4
356,2020-03-14,2044,TV812,3
357,2020-03-14,1203,RK604,5
358,2020-03-14,187,TV802,5
359,2020-03-15,380,EB514,1
360,2020-03-15,141,DK209,4
361,2020-03-15,670,BP104,1
362,2020-03-15,2079,BP110,4
363,2020-03-15,430,RK604,2
364,2020-03-16,274,RS707,4
365,2020-03-16,2114,RK603,3
366,2020-03-16,675,RS705,3
367,2020-03-17,1503,RS705,3
368,2020-03-17,798,EB508,3
369,2020-03-17,488,TV806,5
370,2020-03-17,1573,DS307,5
371,2020-03-17,2088,BP105,6
372,2020-03-17,1714,EB504,2
373,2020-03-18,1291,BP110,1
374,2020-03-18,445,BP110,6
375,2020-03-18,2103,RS702,3
376,2020-03-18,1778,EB517,3
377,2020-03-19,1092,BP102,3
378,2020-03-19,686,DK208,4
379,2020-03-20,372,EB505,3
380,2020-03-20,1935,RS703,5
381,2020-03-20,1446,BP109,4
382,2020-03-21,19,RK607,5
383,2020-03-21,1907,TV805,3
384,2020-03-21,1111,BP110,4
385,2020-03-21,940,BP104,6
386,2020-03-21,2077,DK206,4
387,2020-03-22,724,TV809,4
388,2020-03-22,22,RK603,5
389,2020-03-22,479,EB511,5
390,2020-03-22,966,BP110,1
391,2020-03-22,1307,BP102,4
392,2020-03-22,1648,DK207,4
393,2020-03-23,1645,TV808,5
394,2020-03-23,1539,EB503,4
395,2020-03-23,114,EB506,4
396,2020-03-23,187,BP107,1
397,2020-03-24,1894,EB503,3
398,2020-03-24,551,TV807,4
399,2020-03-24,1695,DK206,5
400,2020-03-24,71,TV808,4
401,2020-03-24,173,DK202,3
402,2020-03-25,354,DS301,2
403,2020-03-25,252,DK202,4
404,2020-03-26,1256,BP101,2
405,2020-03-26,170,DK203,5
406,2020-03-26,2115,DS307,1
407,2020-03-27,682,TV813,3
408,2020-03-27,630,BP110,2
409,2020-03-27,735,EB514,6
410,2020-03-27,897,BP108,1
411,2020-03-27,1147,RK606,3
412,2020-03-27,1420,TV804,3
413,2020-03-28,1135,RS707,5
414,2020-03-28,356,DS306,5
415,2020-03-28,1254,EB504,4
416,2020-03-29,1566,EB505,5
417,2020-03-29,507,TV811,1
418,2020-03-29,905,TV804,4
419,2020-03-29,1709,RS707,3
420,2020-03-29,420,TV810,4
421,2020-03-30,319,TV806,2
422,2020-03-30,2088,DK208,2
423,2020-03-30,18,DS302,3
424,2020-03-31,1559,DK201,3
425,2020-03-31,415,EB514,2
426,2020-03-31,723,EB514,4
427,2020-04-01,1749,BP110,3
428,2020-04-01,1503,RS703,2
429,2020-04-01,406,DK207,1
430,2020-04-01,635,DK208,3
431,2020-04-01,231,BP110,3
432,2020-04-01,1303,TV810,1
433,2020-04-01,553,EB518,1
434,2020-04-01,1041,EB504,5
435,2020-04-01,400,DS307,5
436,2020-04-01,1737,EB513,5
437,2020-04-02,1010,TV803,3
438,2020-04-02,211,RS704,5
439,2020-04-02,1355,TV805,4
440,2020-04-03,763,DK203,6
441,2020-04-03,1714,BP101,5
442,2020-04-03,1389,BP105,3
443,2020-04-03,1416,DS302,4
444,2020-04-03,1972,EB511,2
445,2020-04-03,779,RK602,3
446,2020-04-03,1110,EB516,4
447,2020-04-03,209,TV802,1
448,2020-04-03,472,DK209,4
449,2020-04-03,2067,RK605,1
450,2020-04-03,190,EB505,5
451,2020-04-03,562,DS305,5
452,2020-04-03,107,DS302,3
453,2020-04-04,1418,RS702,2
454,2020-04-04,1815,EB505,3
455,2020-04-04,303,DK205,3
456,2020-04-04,480,EB513,4
457,2020-04-05,1365,DK206,2
458,2020-04-05,848,BP101,4
459,2020-04-05,979,DK205,2
460,2020-04-05,756,TV809,5
461,2020-04-05,20,RK607,6
462,2020-04-05,1378,TV802,2
463,2020-04-05,1059,RS704,3
464,2020-04-06,1315,BP110,4
465,2020-04-06,631,BP104,6
466,2020-04-06,735,DS304,2
467,2020-04-06,403,EB519,4
468,2020-04-06,1420,EB516,3
469,2020-04-07,385,BP105,5
470,2020-04-07,1101,DS301,5
471,2020-04-07,1869,EB518,3
472,2020-04-07,345,RK602,5
473,2020-04-07,335,EB520,5
474,2020-04-07,1209,TV810,2
475,2020-04-07,1173,TV811,4
476,2020-04-07,314,EB507,3
477,2020-04-08,98,EB513,6
478,2020-04-09,1676,EB504,5
479,2020-04-09,962,RS706,2
480,2020-04-09,2005,EB509,3
481,2020-04-09,8,TV805,5
482,2020-04-09,2109,DK205,3
483,2020-04-10,1070,DK208,2
484,2020-04-10,1388,DK208,3
485,2020-04-10,1255,BP107,4
486,2020-04-10,321,EB511,4
487,2020-04-10,1175,TV802,3
488,2020-04-11,1370,EB506,4
489,2020-04-11,1078,RS703,2
490,2020-04-11,820,EB501,5
491,2020-04-11,1684,EB506,3
492,2020-04-12,373,EB502,2
493,2020-04-13,763,EB507,4
494,2020-04-13,1317,RS702,3
495,2020-04-13,1006,TV806,5
496,2020-04-14,1407,DK203,5
497,2020-04-14,242,DS307,4
498,2020-04-14,1153,DK205,5
499,2020-04-14,149,RS706,4
500,2020-04-15,1533,EB506,3
501,2020-04-15,1933,BP106,4
502,2020-04-16,1547,TV801,3
503,2020-04-16,449,BP107,5
504,2020-04-16,1304,EB505,1
505,2020-04-16,1503,EB507,3
506,2020-04-16,1840,RS703,4
507,2020-04-16,1654,RK603,2
508,2020-04-17,551,TV810,3
509,2020-04-17,1733,BP108,2
510,2020-04-17,1115,RK607,3
511,2020-04-17,729,BP101,5
512,2020-04-18,1975,RK607,3
513,2020-04-18,544,TV802,3
514,2020-04-18,534,EB502,3
515,2020-04-19,1860,DK208,1
516,2020-04-19,1615,TV802,5
517,2020-04-20,1964,DK208,5
518,2020-04-20,530,EB511,4
519,2020-04-20,355,EB509,3
520,2020-04-20,1332,DK204,6
521,2020-04-20,133,EB513,3
522,2020-04-21,1231,EB514,3
523,2020-04-21,423,RK603,1
524,2020-04-21,492,DS301,3
525,2020-04-22,99,EB502,3
526,2020-04-22,1463,RK606,2
527,2020-04-22,1335,DS303,2
528,2020-04-23,12,TV807,5
529,2020-04-23,1818,RS702,2
530,2020-04-23,897,EB503,1
531,2020-04-24,743,DS301,5
532,2020-04-24,493,BP107,3
533,2020-04-24,1732,EB516,5
534,2020-04-24,485,BP108,5
535,2020-04-25,525,EB504,3
536,2020-04-25,868,TV812,4
537,2020-04-25,344,BP101,4
538,2020-04-25,206,BP102,2
539,2020-04-25,1315,EB506,3
540,2020-04-25,1371,RS702,5
541,2020-04-25,422,RS707,3
542,2020-04-26,1398,DS305,4
543,2020-04-26,1561,TV809,3
544,2020-04-26,1741,EB508,4
545,2020-04-27,1565,BP101,4
546,2020-04-28,1911,EB517,4
547,2020-04-28,1328,BP110,2
548,2020-04-29,810,EB511,5
549,2020-04-29,659,EB517,2
550,2020-04-29,372,TV806,3
551,2020-04-29,740,RK604,3
552,2020-04-29,1734,BP107,6
553,2020-04-30,1116,TV801,6
554,2020-04-30,954,RK607,3
555,2020-04-30,1837,BP104,5
556,2020-04-30,1660,RS705,3
557,2020-04-30,720,EB517,4
558,2020-05-01,943,BP110,2
559,2020-05-01,1846,DK208,2
560,2020-05-02,1809,DS305,2
561,2020-05-03,1249,BP105,2
562,2020-05-03,794,BP110,2
563,2020-05-03,1670,EB520,4
564,2020-05-03,236,BP106,2
565,2020-05-04,1733,DK207,4
566,2020-05-04,505,DS301,2
567,2020-05-04,1099,DK203,4
568,2020-05-04,1743,BP106,4
569,2020-05-04,2042,DK202,2
570,2020-05-04,1209,BP106,6
571,2020-05-05,1163,EB507,5
572,2020-05-05,189,EB519,3
573,2020-05-05,265,TV806,2
574,2020-05-05,636,TV809,3
575,2020-05-06,635,BP101,2
576,2020-05-06,1923,BP110,4
577,2020-05-06,775,TV809,5
578,2020-05-06,584,BP109,1
579,2020-05-07,1635,BP107,2
580,2020-05-07,661,DK208,5
581,2020-05-07,1300,EB514,3
582,2020-05-07,1877,TV804,2
583,2020-05-07,545,DK203,2
584,2020-05-08,1806,BP106,2
585,2020-05-08,1326,DK209,1
586,2020-05-08,2104,BP109,3
587,2020-05-08,1291,TV808,3
588,2020-05-08,543,BP109,5
589,2020-05-08,2039,BP101,3
590,2020-05-08,890,EB511,4
591,2020-05-08,308,EB509,4
592,2020-05-08,1801,DS306,1
593,2020-05-08,1201,RS704,5
594,2020-05-09,106,EB516,4
595,2020-05-09,1944,BP109,4
596,2020-05-09,95,BP106,2
597,2020-05-09,1461,BP110,3
598,2020-05-09,1125,RK604,2
599,2020-05-09,1741,DS303,3
600,2020-05-09,1175,EB516,3
601,2020-05-09,1909,DS303,3
602,2020-05-09,2100,BP110,2
603,2020-05-09,520,RK605,5
604,2020-05-10,874,RK606,5
605,2020-05-10,633,TV804,2
606,2020-05-10,600,EB519,3
607,2020-05-10,225,DS307,6
608,2020-05-11,340,EB520,3
609,2020-05-11,279,BP105,3
610,2020-05-11,1934,TV803,2
611,2020-05-11,158,EB517,3
612,2020-05-11,2057,TV806,2
613,2020-05-12,1098,DK202,3
614,2020-05-12,1685,TV807,4
615,2020-05-12,1551,EB506,3
616,2020-05-13,1996,EB506,5
617,2020-05-13,970,RK603,1
618,2020-05-13,717,DK201,3
619,2020-05-13,400,TV807,4
620,2020-05-13,1069,BP106,2
621,2020-05-13,790,EB513,5
622,2020-05-13,1299,RS703,4
623,2020-05-14,954,BP109,2
624,2020-05-14,656,RS704,3
625,2020-05-14,1343,EB519,4
626,2020-05-14,2045,DS307,1
627,2020-05-14,590,RK605,2
628,2020-05-14,893,DK206,5
629,2020-05-14,1603,TV811,1
630,2020-05-15,95,TV808,4
631,2020-05-15,1623,BP101,3
632,2020-05-15,755,EB513,5
633,2020-05-15,71,RK606,2
634,2020-05-16,1885,RS703,3
635,2020-05-16,710,DK209,5
636,2020-05-16,451,TV806,3
637,2020-05-16,1086,DS301,6
638,2020-05-16,1731,DS302,4
639,2020-05-16,1091,DK201,3
640,2020-05-17,1900,BP110,4
641,2020-05-17,1687,DS305,5
642,2020-05-17,2120,TV807,4
643,2020-05-17,1875,DK209,2
644,2020-05-17,330,TV804,5
645,2020-05-17,848,EB520,5
646,2020-05-17,868,DK202,3
647,2020-05-18,1850,RS704,6
648,2020-05-18,1424,TV812,3
649,2020-05-18,1425,BP110,3
650,2020-05-18,1797,EB516,3
651,2020-05-19,1355,DS307,3
652,2020-05-19,2109,DS304,2
653,2020-05-19,1132,DK201,3
654,2020-05-19,1004,RS705,5
655,2020-05-19,1812,TV803,2
656,2020-05-19,2095,DK206,1
657,2020-05-19,1102,BP109,3
658,2020-05-19,782,TV802,4
659,2020-05-19,1953,DS303,4
660,2020-05-20,1036,DS307,5
661,2020-05-20,2016,RK602,3
662,2020-05-20,1241,RS703,5
663,2020-05-20,1114,BP110,4
664,2020-05-20,1119,EB514,6
665,2020-05-20,1518,EB512,5
666,2020-05-21,565,RS703,2
667,2020-05-21,946,TV802,1
668,2020-05-21,875,BP110,4
669,2020-05-21,1682,RK602,5
670,2020-05-21,1861,DK204,6
671,2020-05-22,285,EB521,1
672,2020-05-22,1273,EB504,3
673,2020-05-22,810,BP106,4
674,2020-05-22,80,TV804,2
675,2020-05-23,1108,DS304,2
676,2020-05-23,1063,TV810,2
677,2020-05-23,698,TV802,1
678,2020-05-23,582,DS306,4
679,2020-05-23,1726,TV808,3
680,2020-05-24,1840,EB508,4
681,2020-05-24,517,DK205,2
682,2020-05-24,1454,DK207,1
683,2020-05-24,522,RS703,2
684,2020-05-24,854,DK205,4
685,2020-05-25,946,DK207,1
686,2020-05-25,1974,RS703,4
687,2020-05-25,2123,TV805,5
688,2020-05-26,1430,DK203,3
689,2020-05-26,1982,EB502,4
690,2020-05-26,454,EB521,4
691,2020-05-26,440,DK207,5
692,2020-05-26,801,EB506,3
693,2020-05-26,479,BP110,3
694,2020-05-27,1599,DS307,2
695,2020-05-27,1021,RK606,5
696,2020-05-27,1090,DK208,4
697,2020-05-27,1581,EB507,3
698,2020-05-28,595,RK602,3
699,2020-05-28,1635,DK202,4
700,2020-05-28,1337,EB520,4
701,2020-05-28,658,TV801,5
702,2020-05-29,164,EB520,4
703,2020-05-29,1525,EB503,5
704,2020-05-29,471,TV808,3
705,2020-05-29,406,TV804,3
706,2020-05-29,730,DS304,3
707,2020-05-30,517,EB503,2
708,2020-05-30,1083,DS301,2
709,2020-05-30,1863,TV807,4
710,2020-05-30,845,BP102,4
711,2020-05-30,414,DK205,4
712,2020-05-30,1415,DS305,5
713,2020-05-30,1780,DS305,4
714,2020-05-30,1253,RK607,3
715,2020-05-30,925,DS302,2
716,2020-05-31,1206,RS703,4
717,2020-05-31,1837,TV813,4
718,2020-05-31,2074,TV806,5
719,2020-05-31,126,EB516,4
720,2020-06-01,774,BP102,3
721,2020-06-01,1853,DK209,3
722,2020-06-01,1608,EB508,5
723,2020-06-01,125,RK604,2
724,2020-06-01,1003,DK205,5
725,2020-06-02,1646,TV812,3
726,2020-06-02,1292,TV813,2
727,2020-06-02,1457,BP109,4
728,2020-06-02,1029,DK209,5
729,2020-06-02,131,DS304,4
730,2020-06-02,2119,TV810,4
731,2020-06-02,514,RS702,1
732,2020-06-02,672,DK202,2
733,2020-06-02,1318,TV802,1
734,2020-06-02,1461,RS705,3
735,2020-06-02,1912,EB504,4
736,2020-06-03,1409,EB513,4
737,2020-06-03,24,BP107,5
738,2020-06-03,1851,TV810,1
739,2020-06-03,875,EB505,4
740,2020-06-04,1688,EB507,5
741,2020-06-04,325,DK202,6
742,2020-06-04,201,TV808,2
743,2020-06-05,344,RK607,6
744,2020-06-05,1641,EB512,3
745,2020-06-05,48,EB502,4
746,2020-06-05,74,EB503,4
747,2020-06-05,1777,DK209,6
748,2020-06-06,1782,DS306,2
749,2020-06-06,1378,EB506,3
750,2020-06-07,214,EB513,4
751,2020-06-07,1326,EB502,2
752,2020-06-07,587,RS706,3
753,2020-06-07,1484,DK203,5
754,2020-06-07,783,EB512,6
755,2020-06-08,282,EB507,5
756,2020-06-08,1485,DS305,5
757,2020-06-08,635,TV809,2
758,2020-06-08,334,BP104,6
759,2020-06-09,1072,DS305,4
760,2020-06-09,326,RS705,6
761,2020-06-09,163,TV804,3
762,2020-06-09,1408,EB503,1
763,2020-06-09,968,EB508,3
764,2020-06-09,422,TV808,4
765,2020-06-10,1617,EB507,5
766,2020-06-10,1275,BP106,2
767,2020-06-10,295,EB511,3
768,2020-06-10,626,TV803,4
769,2020-06-11,1984,EB506,4
770,2020-06-11,2034,DK207,4
771,2020-06-11,889,EB501,1
772,2020-06-11,1004,DK209,5
773,2020-06-12,1624,EB518,3
774,2020-06-13,1236,RK605,3
775,2020-06-13,1793,TV801,5
776,2020-06-13,1016,EB509,4
777,2020-06-14,279,DK205,2
778,2020-06-14,1926,TV813,6
779,2020-06-15,1398,BP109,2
780,2020-06-15,1571,TV806,3
781,2020-06-15,1404,RK606,6
782,2020-06-16,976,BP110,4
783,2020-06-16,1638,BP108,4
784,2020-06-16,513,TV812,3
785,2020-06-16,741,DK207,3
786,2020-06-16,710,RK602,3
787,2020-06-16,871,EB520,4
788,2020-06-17,976,TV811,6
789,2020-06-17,1195,TV811,4
790,2020-06-17,181,EB509,4
791,2020-06-18,852,RK604,3
792,2020-06-18,1722,RK605,5
793,2020-06-19,1944,DK207,4
794,2020-06-19,1310,DK204,4
795,2020-06-19,1521,EB511,4
796,2020-06-19,6,DK205,3
797,2020-06-19,1034,TV812,2
798,2020-06-19,1607,BP108,1
799,2020-06-19,699,BP105,6
800,2020-06-20,642,RK604,3
801,2020-06-20,795,TV811,2
802,2020-06-20,200,DS305,2
803,2020-06-20,327,DK203,4
804,2020-06-20,1763,EB518,5
805,2020-06-21,152,DS303,5
806,2020-06-21,1508,TV813,1
807,2020-06-21,1389,DS301,3
808,2020-06-22,1220,DK204,4
809,2020-06-22,651,RK606,6
810,2020-06-22,128,RS705,4
811,2020-06-22,897,DS303,2
812,2020-06-22,1713,DK201,5
813,2020-06-22,1775,EB518,1
814,2020-06-23,739,TV803,2
815,2020-06-23,1929,BP104,3
816,2020-06-23,380,DK208,3
817,2020-06-23,1332,EB506,3
818,2020-06-23,463,RK603,4
819,2020-06-24,1707,BP107,3
820,2020-06-24,56,TV805,1
821,2020-06-25,1852,RK605,3
822,2020-06-25,669,DK208,5
823,2020-06-25,2001,DK203,4
824,2020-06-25,510,RS702,4
825,2020-06-25,651,DK205,5
826,2020-06-25,643,EB520,5
827,2020-06-25,310,BP102,4
828,2020-06-26,1075,RS703,3
829,2020-06-26,1645,BP107,5
830,2020-06-26,775,TV804,6
831,2020-06-26,155,RS703,2
832,2020-06-27,1084,EB512,4
833,2020-06-27,1069,DS302,4
834,2020-06-27,485,DK206,4
835,2020-06-28,1859,DS305,3
836,2020-06-28,886,BP109,4
837,2020-06-28,361,BP106,3
838,2020-06-28,240,RK607,4
839,2020-06-28,800,BP101,4
840,2020-06-29,523,RK602,4
841,2020-06-30,1851,EB505,3
842,2020-06-30,217,RK604,5
843,2020-06-30,626,RS706,5
844,2020-07-01,1356,RK602,3
845,2020-07-01,1397,RK602,4
846,2020-07-01,1235,EB505,5
847,2020-07-01,760,DK202,4
848,2020-07-01,669,DS301,6
849,2020-07-01,122,RS706,4
850,2020-07-02,1813,BP106,5
851,2020-07-02,2073,EB514,4
852,2020-07-02,628,TV805,5
853,2020-07-02,1531,BP101,6
854,2020-07-02,809,EB507,4
855,2020-07-03,1843,EB519,4
856,2020-07-03,310,TV813,3
857,2020-07-03,338,DK201,6
858,2020-07-04,1476,TV804,6
859,2020-07-04,1867,RS703,3
860,2020-07-04,1588,BP106,4
861,2020-07-04,1583,RS704,3
862,2020-07-04,1761,EB502,3
863,2020-07-04,275,BP105,1
864,2020-07-04,1507,DS306,4
865,2020-07-05,708,BP110,6
866,2020-07-05,1665,TV807,3
867,2020-07-05,1778,EB517,4
868,2020-07-05,1518,DS302,3
869,2020-07-05,1452,TV804,6
870,2020-07-05,755,TV802,2
871,2020-07-06,446,EB521,4
872,2020-07-06,581,DS304,3
873,2020-07-06,1839,EB507,4
874,2020-07-07,244,TV812,1
875,2020-07-07,981,EB519,4
876,2020-07-07,433,DK204,6
877,2020-07-08,2025,DS303,2
878,2020-07-08,1963,RK604,5
879,2020-07-08,1314,EB517,5
880,2020-07-08,1964,DS306,5
881,2020-07-08,218,TV803,5
882,2020-07-08,2090,TV801,5
883,2020-07-08,538,EB503,3
884,2020-07-08,764,TV804,3
885,2020-07-08,828,TV803,5
886,2020-07-08,1240,DS306,3
887,2020-07-09,354,EB513,4
888,2020-07-09,1408,DS304,2
889,2020-07-09,2115,BP102,6
890,2020-07-09,1916,EB507,6
891,2020-07-09,1803,EB502,2
892,2020-07-10,2006,DK204,6
893,2020-07-10,854,EB518,6
894,2020-07-10,418,DK209,5
895,2020-07-10,1427,BP101,3
896,2020-07-10,1121,DK205,3
897,2020-07-10,1067,DS307,2
898,2020-07-10,1208,TV813,5
899,2020-07-10,1909,DS306,3
900,2020-07-11,1548,EB517,5
901,2020-07-11,616,DS307,3
902,2020-07-11,1343,TV802,3
903,2020-07-11,1408,DK205,3
904,2020-07-11,714,BP105,2
905,2020-07-11,742,EB502,4
906,2020-07-12,717,DS301,2
907,2020-07-12,323,DS301,2
908,2020-07-12,1756,RS706,1
909,2020-07-12,1878,RK602,5
910,2020-07-12,1038,EB503,3
911,2020-07-13,727,RK605,2
912,2020-07-13,1159,EB502,3
913,2020-07-13,397,TV807,4
914,2020-07-13,1120,TV808,2
915,2020-07-13,1370,RS705,2
916,2020-07-13,430,TV802,3
917,2020-07-14,1814,BP108,5
918,2020-07-14,498,EB503,2
919,2020-07-14,1406,DK204,2
920,2020-07-14,950,EB507,4
921,2020-07-14,1756,TV808,5
922,2020-07-14,677,RK607,3
923,2020-07-15,470,BP109,3
924,2020-07-15,1209,TV812,4
925,2020-07-15,2102,DK205,2
926,2020-07-16,1357,BP108,6
927,2020-07-16,1538,BP106,5
928,2020-07-17,679,BP102,2
929,2020-07-17,1171,EB503,4
930,2020-07-18,935,BP108,5
931,2020-07-18,1872,TV809,5
932,2020-07-18,1665,TV802,3
933,2020-07-18,614,TV813,3
934,2020-07-18,1794,EB517,3
935,2020-07-19,1139,TV810,2
936,2020-07-19,98,BP104,6
937,2020-07-19,1153,RK602,4
938,2020-07-19,1809,RS702,3
939,2020-07-19,1225,BP107,5
940,2020-07-20,66,BP108,2
941,2020-07-20,1259,TV808,3
942,2020-07-20,406,DS301,3
943,2020-07-20,648,EB507,4
944,2020-07-20,184,TV804,4
945,2020-07-21,820,EB504,3
946,2020-07-21,654,DK201,5
947,2020-07-21,1183,DS306,2
948,2020-07-21,1121,RK603,4
949,2020-07-21,652,EB505,2
950,2020-07-21,1284,EB514,5
951,2020-07-21,155,DK203,4
952,2020-07-21,1202,TV802,4
953,2020-07-21,222,RK603,3
954,2020-07-22,1806,DS303,3
955,2020-07-22,1840,DS303,4
956,2020-07-22,1108,DS301,4
957,2020-07-22,254,TV804,1
958,2020-07-22,134,RK607,4
959,2020-07-22,906,TV807,5
960,2020-07-22,1226,EB503,3
961,2020-07-22,863,RK606,6
962,2020-07-23,2107,TV810,4
963,2020-07-23,75,RS707,5
964,2020-07-23,1651,DK201,2
965,2020-07-23,1916,EB512,2
966,2020-07-24,603,EB508,2
967,2020-07-24,1184,TV808,3
968,2020-07-25,575,BP110,5
969,2020-07-26,2000,DS306,1
970,2020-07-26,1672,DS305,5
971,2020-07-26,576,DS302,6
972,2020-07-26,1055,EB501,5
973,2020-07-27,1303,TV802,1
974,2020-07-27,27,BP105,5
975,2020-07-28,881,RK605,4
976,2020-07-28,1661,RS705,2
977,2020-07-28,591,EB519,5
978,2020-07-28,1353,EB513,3
979,2020-07-29,1179,TV809,1
980,2020-07-29,351,RS707,6
981,2020-07-29,228,TV809,4
982,2020-07-29,1060,BP109,5
983,2020-07-29,10,BP110,4
984,2020-07-29,674,TV809,3
985,2020-07-29,1834,RK607,3
986,2020-07-30,1411,DK208,5
987,2020-07-30,914,RS703,5
988,2020-07-30,499,BP109,2
989,2020-07-30,1524,TV809,4
990,2020-07-30,2110,DK201,4
991,2020-07-30,673,DK207,3
992,2020-07-31,382,TV806,2
993,2020-07-31,437,DK205,4
994,2020-07-31,483,RK607,3
995,2020-07-31,575,RS704,5
996,2020-08-01,1943,DS305,3
997,2020-08-01,1310,BP107,2
998,2020-08-02,1012,BP105,4
999,2020-08-02,504,DK208,3
1000,2020-08-03,1342,TV811,4
1001,2020-08-03,1923,RK607,4
1002,2020-08-03,1292,BP110,2
1003,2020-08-03,1257,BP104,2
1004,2020-08-03,1435,RK605,4
1005,2020-08-03,1746,BP106,3
1006,2020-08-03,1450,DK207,3
1007,2020-08-03,1371,EB505,4
1008,2020-08-03,695,DS307,5
1009,2020-08-04,1461,EB519,6
1010,2020-08-04,143,DK203,5
1011,2020-08-04,720,EB517,4
1012,2020-08-04,787,DK208,5
1013,2020-08-04,1468,DK208,3
1014,2020-08-05,728,DS304,4
1015,2020-08-06,181,EB506,5
1016,2020-08-06,931,RK603,2
1017,2020-08-06,1786,RS707,1
1018,2020-08-06,1851,EB513,4
1019,2020-08-06,736,DK206,2
1020,2020-08-06,1042,DS301,2
1021,2020-08-07,1636,EB512,4
1022,2020-08-07,2073,RS703,2
1023,2020-08-07,274,RS706,5
1024,2020-08-07,465,EB501,4
1025,2020-08-08,1770,EB505,6
1026,2020-08-08,1725,DS304,4
1027,2020-08-08,169,BP102,5
1028,2020-08-08,970,RS702,4
1029,2020-08-08,1838,EB519,2
1030,2020-08-09,1733,RS702,2
1031,2020-08-09,1780,RS706,3
1032,2020-08-09,1310,DS302,4
1033,2020-08-09,1331,DK204,4
1034,2020-08-09,1294,BP109,4
1035,2020-08-10,1398,RK606,4
1036,2020-08-10,1886,TV813,3
1037,2020-08-10,1230,DK204,3
1038,2020-08-10,154,TV804,3
1039,2020-08-10,620,DK207,2
1040,2020-08-11,1706,RK607,3
1041,2020-08-11,929,EB518,4
1042,2020-08-11,1230,TV806,4
1043,2020-08-11,1058,DK202,4
1044,2020-08-11,334,DS301,5
1045,2020-08-12,500,EB504,2
1046,2020-08-12,1293,RK602,2
1047,2020-08-12,1951,EB506,2
1048,2020-08-13,266,EB501,2
1049,2020-08-14,1530,TV811,1
1050,2020-08-15,1174,EB520,5
1051,2020-08-15,47,RS706,3
1052,2020-08-15,1161,DS304,5
1053,2020-08-15,272,TV811,2
1054,2020-08-15,489,RK604,4
1055,2020-08-15,1992,RK605,3
1056,2020-08-15,2079,BP108,3
1057,2020-08-16,1300,DK207,3
1058,2020-08-16,146,TV805,6
1059,2020-08-16,360,EB517,1
1060,2020-08-16,200,EB509,4
1061,2020-08-17,1003,RS704,6
1062,2020-08-17,429,RS705,4
1063,2020-08-17,1122,BP106,4
1064,2020-08-17,1434,BP106,3
1065,2020-08-17,1050,BP101,4
1066,2020-08-17,1723,TV802,3
1067,2020-08-17,329,DK202,5
1068,2020-08-17,1334,DS302,4
1069,2020-08-18,221,BP108,2
1070,2020-08-18,1908,RK607,2
1071,2020-08-18,559,BP104,5
1072,2020-08-19,143,TV813,3
1073,2020-08-19,1121,RS703,4
1074,2020-08-19,305,EB512,4
1075,2020-08-19,1859,EB511,4
1076,2020-08-20,968,RS702,4
1077,2020-08-20,965,EB516,4
1078,2020-08-21,1018,DK201,2
1079,2020-08-21,37,DS302,3
1080,2020-08-21,974,DK209,5
1081,2020-08-21,1479,RS706,1
1082,2020-08-22,379,DK208,4
1083,2020-08-22,130,DS301,5
1084,2020-08-22,601,EB506,3
1085,2020-08-22,1837,EB518,2
1086,2020-08-22,1549,EB514,4
1087,2020-08-22,494,BP107,5
1088,2020-08-22,545,EB518,5
1089,2020-08-23,1876,EB520,2
1090,2020-08-24,542,DK201,4
1091,2020-08-24,2047,BP110,2
1092,2020-08-24,356,RK604,3
1093,2020-08-24,886,DK205,4
1094,2020-08-24,1102,RK602,6
1095,2020-08-24,1716,DK203,4
1096,2020-08-24,793,DK202,4
1097,2020-08-24,185,EB516,3
1098,2020-08-25,1480,BP101,2
1099,2020-08-25,1732,TV803,5
1100,2020-08-25,1679,DK206,4
1101,2020-08-25,287,BP108,4
1102,2020-08-25,420,DK204,5
1103,2020-08-26,448,DS303,5
1104,2020-08-26,66,RK604,3
1105,2020-08-26,818,EB504,4
1106,2020-08-26,707,EB519,6
1107,2020-08-27,1504,RK606,2
1108,2020-08-27,2005,DS301,2
1109,2020-08-27,213,TV801,3
1110,2020-08-27,1335,TV804,3
1111,2020-08-27,666,DS301,3
1112,2020-08-28,1161,RS702,6
1113,2020-08-28,522,RS707,3
1114,2020-08-28,1582,EB511,1
1115,2020-08-28,319,DS305,3
1116,2020-08-29,1481,RK607,2
1117,2020-08-29,1268,BP108,6
1118,2020-08-29,314,EB511,1
1119,2020-08-29,1016,RS704,5
1120,2020-08-30,788,DK208,3
1121,2020-08-30,1632,EB505,2
1122,2020-08-31,1645,DK202,4
1123,2020-08-31,2025,TV808,2
1124,2020-09-01,359,BP106,4
1125,2020-09-01,864,DS304,3
1126,2020-09-01,624,EB504,3
1127,2020-09-01,473,DK205,6
1128,2020-09-01,602,EB509,2
1129,2020-09-01,941,EB509,5
1130,2020-09-01,1884,EB509,3
1131,2020-09-01,1015,BP101,3
1132,2020-09-01,1280,EB503,5
1133,2020-09-01,1787,RS703,3
1134,2020-09-01,1227,RS702,3
1135,2020-09-02,1883,BP108,6
1136,2020-09-02,72,BP105,3
1137,2020-09-02,404,TV806,3
1138,2020-09-02,864,RS703,4
1139,2020-09-02,1661,DS306,4
1140,2020-09-02,107,RK606,1
1141,2020-09-02,1196,RS707,4
1142,2020-09-03,1768,TV813,2
1143,2020-09-03,416,DS307,6
1144,2020-09-03,1444,TV813,5
1145,2020-09-04,497,RS707,5
1146,2020-09-04,1078,TV809,2
1147,2020-09-04,1856,DK207,1
1148,2020-09-04,1500,RK602,5
1149,2020-09-04,574,EB504,2
1150,2020-09-04,733,BP105,4
1151,2020-09-04,1933,EB519,5
1152,2020-09-04,1845,DS303,6
1153,2020-09-04,1482,EB520,2
1154,2020-09-05,485,DK201,2
1155,2020-09-05,894,DK207,3
1156,2020-09-05,1398,TV811,3
1157,2020-09-05,1251,BP101,4
1158,2020-09-05,127,EB518,1
1159,2020-09-06,1225,BP110,2
1160,2020-09-06,1099,RS702,3
1161,2020-09-07,308,RS707,3
1162,2020-09-07,57,EB503,4
1163,2020-09-07,193,EB511,2
1164,2020-09-08,312,TV807,3
1165,2020-09-08,1533,TV808,3
1166,2020-09-08,1663,BP102,4
1167,2020-09-09,928,RK602,3
1168,2020-09-09,1703,EB513,5
1169,2020-09-09,643,EB516,2
1170,2020-09-09,1941,BP102,5
1171,2020-09-09,1501,EB502,2
1172,2020-09-09,302,EB509,3
1173,2020-09-09,1158,TV809,2
1174,2020-09-09,1039,TV810,4
1175,2020-09-09,914,DK209,4
1176,2020-09-10,1012,DK209,2
1177,2020-09-10,1331,RS706,5
1178,2020-09-10,1862,TV809,4
1179,2020-09-10,843,RK606,4
1180,2020-09-10,1339,TV807,5
1181,2020-09-10,237,DK202,5
1182,2020-09-11,152,RS702,4
1183,2020-09-11,1873,EB504,2
1184,2020-09-11,112,TV808,3
1185,2020-09-12,102,RS707,5
1186,2020-09-12,1548,RS703,6
1187,2020-09-12,229,EB519,3
1188,2020-09-12,603,EB509,2
1189,2020-09-13,1969,DK208,2
1190,2020-09-13,313,EB513,5
1191,2020-09-13,1621,TV804,5
1192,2020-09-13,580,TV804,2
1193,2020-09-13,858,EB503,5
1194,2020-09-13,1465,DS304,5
1195,2020-09-13,1119,EB506,6
1196,2020-09-14,1039,RS707,4
1197,2020-09-14,1230,EB507,3
1198,2020-09-14,1364,EB509,3
1199,2020-09-14,1158,BP110,4
1200,2020-09-15,1375,DK202,5
1201,2020-09-15,283,TV807,4
1202,2020-09-15,1900,BP106,5
1203,2020-09-16,2121,DK206,4
1204,2020-09-16,2042,TV810,2
1205,2020-09-16,1659,EB503,3
1206,2020-09-16,241,BP104,5
1207,2020-09-16,997,TV805,3
1208,2020-09-16,142,BP110,2
1209,2020-09-16,978,DK202,4
1210,2020-09-17,422,RS704,2
1211,2020-09-17,1843,TV809,6
1212,2020-09-17,2000,DK207,5
1213,2020-09-17,235,RK605,2
1214,2020-09-17,928,TV808,2
1215,2020-09-17,1108,EB519,5
1216,2020-09-17,1694,TV809,4
1217,2020-09-18,615,EB512,4
1218,2020-09-18,1277,BP101,5
1219,2020-09-18,1347,EB512,4
1220,2020-09-18,295,EB514,4
1221,2020-09-18,1334,RS704,4
1222,2020-09-18,475,RS703,4
1223,2020-09-19,267,DS304,2
1224,2020-09-19,714,BP105,5
1225,2020-09-19,287,EB504,2
1226,2020-09-19,307,TV811,2
1227,2020-09-19,478,EB514,3
1228,2020-09-19,1898,EB511,2
1229,2020-09-19,1128,EB509,1
1230,2020-09-20,609,TV805,5
1231,2020-09-21,604,EB503,2
1232,2020-09-21,657,EB514,5
1233,2020-09-22,1111,RS706,6
1234,2020-09-22,193,DK202,6
1235,2020-09-22,1500,BP110,5
1236,2020-09-22,2094,RK605,4
1237,2020-09-22,239,TV803,2
1238,2020-09-22,465,TV801,5
1239,2020-09-22,711,EB508,5
1240,2020-09-22,111,BP110,3
1241,2020-09-22,1492,BP105,6
1242,2020-09-22,655,DK202,4
1243,2020-09-23,836,RK606,1
1244,2020-09-23,1072,BP106,5
1245,2020-09-23,391,TV803,3
1246,2020-09-23,569,RS704,3
1247,2020-09-23,572,BP107,3
1248,2020-09-23,1387,TV812,2
1249,2020-09-24,715,RS702,2
1250,2020-09-24,109,EB518,5
1251,2020-09-24,775,TV807,2
1252,2020-09-25,273,RK606,6
1253,2020-09-25,440,EB516,1
1254,2020-09-25,950,EB521,3
1255,2020-09-25,1631,TV806,4
1256,2020-09-25,605,EB513,4
1257,2020-09-25,550,TV801,4
1258,2020-09-26,1083,DK203,3
1259,2020-09-26,30,DK203,3
1260,2020-09-26,1845,TV807,5
1261,2020-09-26,77,RS703,4
1262,2020-09-26,2114,TV804,2
1263,2020-09-27,1352,EB520,5
1264,2020-09-27,1255,DK206,2
1265,2020-09-27,1072,TV803,3
1266,2020-09-28,1646,DS305,3
1267,2020-09-28,1386,TV807,4
1268,2020-09-28,272,TV811,3
1269,2020-09-28,1716,EB513,1
1270,2020-09-28,54,RK603,3
1271,2020-09-28,316,TV804,2
1272,2020-09-29,599,EB511,4
1273,2020-09-29,802,DS307,4
1274,2020-09-29,162,EB517,3
1275,2020-09-29,1607,EB517,2
1276,2020-09-29,621,TV809,6
1277,2020-09-30,1051,DK204,4
1278,2020-09-30,99,DK202,4
1279,2020-09-30,71,EB520,4
1280,2020-09-30,848,RK603,2
1281,2020-09-30,995,RK606,3
1282,2020-09-30,163,RK605,3
1283,2020-09-30,485,EB501,3
1284,2020-10-01,169,RK607,4
1285,2020-10-01,1371,DK206,3
1286,2020-10-01,1410,EB519,2
1287,2020-10-01,1047,DK204,3
1288,2020-10-02,1053,RK606,2
1289,2020-10-02,1146,TV808,3
1290,2020-10-02,1961,DK204,3
1291,2020-10-02,476,DK204,2
1292,2020-10-02,1450,TV802,2
1293,2020-10-02,579,BP108,3
1294,2020-10-03,1028,EB506,4
1295,2020-10-04,618,TV810,4
1296,2020-10-04,1704,RS704,5
1297,2020-10-04,773,EB517,4
1298,2020-10-04,426,BP105,4
1299,2020-10-05,362,DS301,4
1300,2020-10-05,2056,BP105,5
1301,2020-10-05,1032,EB520,6
1302,2020-10-05,218,EB518,5
1303,2020-10-06,141,BP107,3
1304,2020-10-06,1453,EB502,5
1305,2020-10-06,1552,RK606,6
1306,2020-10-06,602,RS702,4
1307,2020-10-07,866,DS307,4
1308,2020-10-07,2055,EB519,5
1309,2020-10-07,1636,DK206,3
1310,2020-10-07,1263,BP104,3
1311,2020-10-07,2078,RK604,1
1312,2020-10-08,1101,EB512,4
1313,2020-10-08,341,EB504,2
1314,2020-10-08,1233,EB519,3
1315,2020-10-08,1544,TV803,4
1316,2020-10-09,1638,DK203,4
1317,2020-10-09,1478,TV802,4
1318,2020-10-09,1144,TV804,4
1319,2020-10-09,559,TV805,4
1320,2020-10-10,534,BP101,2
1321,2020-10-10,1460,BP106,5
1322,2020-10-10,1035,DK207,5
1323,2020-10-10,1695,RK605,6
1324,2020-10-10,671,BP102,4
1325,2020-10-10,244,TV802,3
1326,2020-10-10,703,TV810,4
1327,2020-10-10,1366,DK206,2
1328,2020-10-10,1850,BP105,6
1329,2020-10-11,141,RK604,3
1330,2020-10-11,555,DK204,5
1331,2020-10-11,1864,EB521,5
1332,2020-10-12,1437,DS306,5
1333,2020-10-12,1284,EB508,3
1334,2020-10-12,357,DS305,3
1335,2020-10-12,99,DS305,3
1336,2020-10-13,72,TV808,4
1337,2020-10-13,1193,RS704,5
1338,2020-10-13,843,EB508,3
1339,2020-10-13,1920,EB505,3
1340,2020-10-13,1766,RS705,4
1341,2020-10-13,153,TV806,2
1342,2020-10-14,1573,TV810,4
1343,2020-10-14,435,EB520,2
1344,2020-10-14,1167,DS303,3
1345,2020-10-14,1027,EB521,4
1346,2020-10-14,636,TV812,6
1347,2020-10-14,1630,DK208,2
1348,2020-10-14,406,BP105,5
1349,2020-10-15,886,EB514,2
1350,2020-10-15,946,EB513,1
1351,2020-10-15,1295,BP104,2
1352,2020-10-15,756,RK607,4
1353,2020-10-15,998,BP110,3
1354,2020-10-15,631,DK204,2
1355,2020-10-15,1834,DS305,3
1356,2020-10-15,1397,TV813,4
1357,2020-10-15,1726,DS303,5
1358,2020-10-15,1142,EB517,3
1359,2020-10-16,2101,BP105,5
1360,2020-10-16,1521,BP108,5
1361,2020-10-16,757,BP104,3
1362,2020-10-17,1576,DS306,2
1363,2020-10-17,614,TV809,3
1364,2020-10-17,1570,EB520,3
1365,2020-10-18,963,EB502,5
1366,2020-10-18,835,EB511,2
1367,2020-10-18,538,RK607,4
1368,2020-10-18,179,DK207,5
1369,2020-10-18,1334,DS307,3
1370,2020-10-18,2011,EB502,3
1371,2020-10-19,287,EB505,4
1372,2020-10-19,1538,DS305,3
1373,2020-10-19,677,EB511,2
1374,2020-10-19,1013,DK202,3
1375,2020-10-19,45,RK604,3
1376,2020-10-20,1133,RS704,6
1377,2020-10-20,613,TV810,3
1378,2020-10-20,373,EB509,4
1379,2020-10-21,1832,TV801,6
1380,2020-10-21,1049,BP110,4
1381,2020-10-21,813,TV806,2
1382,2020-10-21,1373,RK605,4
1383,2020-10-21,959,EB504,2
1384,2020-10-21,1000,RS707,3
1385,2020-10-22,2009,RS707,5
1386,2020-10-22,306,EB520,3
1387,2020-10-22,1554,EB507,6
1388,2020-10-22,1233,EB503,4
1389,2020-10-22,2074,TV811,4
1390,2020-10-22,776,DS304,1
1391,2020-10-23,1879,TV813,5
1392,2020-10-23,2004,TV807,3
1393,2020-10-23,1002,BP108,3
1394,2020-10-23,1094,EB504,4
1395,2020-10-23,308,RK603,5
1396,2020-10-23,2052,TV808,3
1397,2020-10-23,1986,TV801,6
1398,2020-10-24,1010,BP107,1
1399,2020-10-24,229,TV802,2
1400,2020-10-24,49,BP110,5
1401,2020-10-24,473,RK602,1
1402,2020-10-24,1989,DS301,3
1403,2020-10-25,667,EB514,2
1404,2020-10-25,902,RS702,3
1405,2020-10-25,1758,DK209,2
1406,2020-10-25,1086,TV812,5
1407,2020-10-25,1669,EB511,5
1408,2020-10-25,844,BP110,3
1409,2020-10-26,1306,RS704,3
1410,2020-10-26,428,EB508,3
1411,2020-10-27,387,RS703,3
1412,2020-10-27,1762,DK201,3
1413,2020-10-27,845,RK607,4
1414,2020-10-27,310,EB513,6
1415,2020-10-27,43,DS307,3
1416,2020-10-27,1570,TV811,4
1417,2020-10-27,1360,BP110,5
1418,2020-10-28,1202,EB518,4
1419,2020-10-28,2043,EB503,2
1420,2020-10-28,196,DK209,1
1421,2020-10-28,1040,RS703,4
1422,2020-10-29,2058,DK207,5
1423,2020-10-29,1401,DK203,3
1424,2020-10-29,1516,TV807,3
1425,2020-10-29,1071,TV810,5
1426,2020-10-30,1620,EB521,1
1427,2020-10-30,624,TV808,3
1428,2020-10-30,1074,EB502,4
1429,2020-10-30,473,DK204,4
1430,2020-10-31,1525,BP102,4
1431,2020-10-31,820,EB503,3
1432,2020-10-31,1436,EB506,4
1433,2020-10-31,940,DK205,1
1434,2020-11-01,1155,TV805,4
1435,2020-11-01,303,TV801,4
1436,2020-11-02,1031,TV808,4
1437,2020-11-02,189,BP108,6
1438,2020-11-02,1432,RK602,4
1439,2020-11-02,10,DS307,5
1440,2020-11-03,1572,DS306,4
1441,2020-11-03,988,DS305,2
1442,2020-11-03,866,TV804,2
1443,2020-11-03,1096,RK604,1
1444,2020-11-03,46,RS705,3
1445,2020-11-03,184,BP101,4
1446,2020-11-04,1438,DK202,1
1447,2020-11-04,35,DK201,3
1448,2020-11-04,428,TV803,5
1449,2020-11-04,952,RK606,4
1450,2020-11-04,614,EB521,4
1451,2020-11-05,1697,EB516,5
1452,2020-11-05,470,BP107,3
1453,2020-11-05,1160,TV802,2
1454,2020-11-05,1549,TV806,3
1455,2020-11-06,826,RS705,4
1456,2020-11-07,510,DK205,6
1457,2020-11-07,1752,RK604,3
1458,2020-11-08,1974,RK607,3
1459,2020-11-08,293,TV804,1
1460,2020-11-08,1183,RK602,4
1461,2020-11-08,1601,EB506,4
1462,2020-11-09,285,RK606,5
1463,2020-11-09,819,TV811,3
1464,2020-11-09,1528,RS703,3
1465,2020-11-10,1536,TV809,1
1466,2020-11-10,1333,DK209,3
1467,2020-11-10,778,TV812,2
1468,2020-11-10,637,RK606,2
1469,2020-11-10,300,EB516,5
1470,2020-11-11,9,EB514,3
1471,2020-11-11,1946,DK202,1
1472,2020-11-11,1758,TV803,2
1473,2020-11-11,1894,EB521,5
1474,2020-11-11,1630,DK202,3
1475,2020-11-13,755,EB503,5
1476,2020-11-13,1096,EB516,2
1477,2020-11-13,74,RK602,5
1478,2020-11-13,1178,BP104,5
1479,2020-11-15,918,DS305,5
1480,2020-11-15,1963,DK205,5
1481,2020-11-15,699,RK603,5
1482,2020-11-15,1714,DS306,3
1483,2020-11-15,945,BP105,1
1484,2020-11-15,212,EB505,3
1485,2020-11-16,706,TV812,3
1486,2020-11-16,827,RK603,5
1487,2020-11-16,1056,RK603,1
1488,2020-11-16,949,EB505,3
1489,2020-11-16,1943,TV802,3
1490,2020-11-17,495,RK604,3
1491,2020-11-17,1366,EB518,5
1492,2020-11-17,1654,EB520,2
1493,2020-11-17,1734,RS707,2
1494,2020-11-17,1754,TV808,4
1495,2020-11-17,1003,RK602,4
1496,2020-11-17,1196,RK604,5
1497,2020-11-17,1468,EB505,2
1498,2020-11-17,1797,RK603,6
1499,2020-11-17,635,DS304,5
1500,2020-11-17,1446,BP109,3
1501,2020-11-18,1851,TV812,4
1502,2020-11-18,1172,DK203,5
1503,2020-11-18,1141,RS702,6
1504,2020-11-19,102,TV813,3
1505,2020-11-19,1326,RS705,1
1506,2020-11-19,223,RS705,5
1507,2020-11-19,486,TV802,4
1508,2020-11-19,631,RS702,2
1509,2020-11-19,1239,DK205,3
1510,2020-11-19,885,BP104,4
1511,2020-11-19,475,TV807,4
1512,2020-11-20,1794,EB514,3
1513,2020-11-20,156,EB516,4
1514,2020-11-20,259,BP102,1
1515,2020-11-20,946,BP110,3
1516,2020-11-20,229,TV809,3
1517,2020-11-21,1390,EB501,4
1518,2020-11-21,2071,EB511,4
1519,2020-11-21,80,EB519,5
1520,2020-11-22,1769,TV808,5
1521,2020-11-22,2109,RS707,5
1522,2020-11-23,2057,DS305,6
1523,2020-11-23,198,DK205,5
1524,2020-11-23,1095,EB521,3
1525,2020-11-23,2008,TV813,4
1526,2020-11-23,566,RK605,5
1527,2020-11-23,47,EB503,3
1528,2020-11-23,1893,BP104,2
1529,2020-11-23,862,RK607,2
1530,2020-11-24,324,EB506,4
1531,2020-11-24,368,RS702,2
1532,2020-11-25,1837,TV804,5
1533,2020-11-25,1803,EB505,3
1534,2020-11-25,696,EB519,4
1535,2020-11-26,1765,EB502,3
1536,2020-11-26,1799,BP110,2
1537,2020-11-26,1253,BP106,5
1538,2020-11-26,217,DS304,3
1539,2020-11-26,1608,TV802,6
1540,2020-11-27,1957,RK605,4
1541,2020-11-27,2036,DS301,2
1542,2020-11-27,1091,RS702,2
1543,2020-11-28,870,RS703,5
1544,2020-11-28,521,TV801,5
1545,2020-11-28,1614,DK209,4
1546,2020-11-29,698,DS303,5
1547,2020-11-30,711,DS307,6
1548,2020-11-30,1400,TV805,2
1549,2020-11-30,1205,RK604,2
1550,2020-11-30,1918,RK605,4
1551,2020-12-01,1059,DK208,2
1552,2020-12-01,438,EB521,2
1553,2020-12-01,2057,EB504,5
1554,2020-12-02,2050,DK207,6
1555,2020-12-02,787,RK607,1
1556,2020-12-02,1093,TV808,5
1557,2020-12-02,1332,BP105,5
1558,2020-12-02,2119,EB516,3
1559,2020-12-02,1168,EB516,4
1560,2020-12-03,1242,RK606,3
1561,2020-12-04,1451,DK201,3
1562,2020-12-04,1025,DK206,5
1563,2020-12-04,368,EB506,2
1564,2020-12-04,1865,EB509,4
1565,2020-12-04,559,DK209,5
1566,2020-12-04,659,TV808,5
1567,2020-12-05,558,EB514,5
1568,2020-12-05,304,DK207,2
1569,2020-12-05,198,EB503,4
1570,2020-12-05,267,DS307,4
1571,2020-12-05,787,BP110,5
1572,2020-12-05,520,EB512,3
1573,2020-12-05,1520,TV804,5
1574,2020-12-05,2001,DK203,3
1575,2020-12-05,982,TV812,4
1576,2020-12-06,1089,DS307,2
1577,2020-12-06,1490,EB517,2
1578,2020-12-06,490,TV801,3
1579,2020-12-06,677,TV802,4
1580,2020-12-06,1854,TV804,3
1581,2020-12-07,619,BP101,4
1582,2020-12-07,1042,EB512,4
1583,2020-12-07,187,EB516,3
1584,2020-12-07,972,EB504,3
1585,2020-12-08,967,RK607,2
1586,2020-12-08,1064,TV809,3
1587,2020-12-08,1490,BP105,3
1588,2020-12-08,356,DK203,1
1589,2020-12-08,1935,DS305,4
1590,2020-12-09,812,TV805,5
1591,2020-12-09,818,TV810,3
1592,2020-12-09,845,EB505,3
1593,2020-12-09,1944,TV804,3
1594,2020-12-09,1840,EB508,2
1595,2020-12-09,60,RS702,3
1596,2020-12-09,929,RS706,2
1597,2020-12-09,1006,EB507,5
1598,2020-12-10,2026,EB519,3
1599,2020-12-10,3,RS705,5
1600,2020-12-10,219,RK607,5
1601,2020-12-10,1682,DS304,2
1602,2020-12-10,866,TV808,3
1603,2020-12-11,849,TV801,2
1604,2020-12-11,548,RS703,2
1605,2020-12-11,205,EB516,2
1606,2020-12-11,42,DS306,5
1607,2020-12-11,1142,EB514,4
1608,2020-12-12,1030,RS704,6
1609,2020-12-12,1969,EB521,4
1610,2020-12-12,188,BP106,6
1611,2020-12-12,1598,RS707,4
1612,2020-12-13,1099,DK208,3
1613,2020-12-13,259,TV812,3
1614,2020-12-13,643,DS307,3
1615,2020-12-13,180,EB505,4
1616,2020-12-13,1613,TV803,2
1617,2020-12-13,375,EB519,4
1618,2020-12-14,810,EB521,2
1619,2020-12-14,1407,EB517,4
1620,2020-12-14,1747,DK206,3
1621,2020-12-14,1374,TV810,6
1622,2020-12-15,1924,EB516,4
1623,2020-12-16,1437,DS304,2
1624,2020-12-16,1459,EB503,1
1625,2020-12-16,460,BP104,3
1626,2020-12-17,1978,DK209,3
1627,2020-12-17,198,RK603,5
1628,2020-12-17,1975,EB518,5
1629,2020-12-18,113,BP108,4
1630,2020-12-18,1857,DS307,3
1631,2020-12-18,1428,EB517,3
1632,2020-12-18,2051,DS306,5
1633,2020-12-18,1139,RK603,5
1634,2020-12-19,454,TV812,3
1635,2020-12-20,1426,EB513,5
1636,2020-12-20,954,RS706,5
1637,2020-12-20,1692,RS705,4
1638,2020-12-20,1019,BP110,3
1639,2020-12-20,1903,RS705,5
1640,2020-12-20,1717,RS707,2
1641,2020-12-20,935,DK208,3
1642,2020-12-21,1349,DS305,2
1643,2020-12-21,901,RK606,2
1644,2020-12-21,1747,TV809,2
1645,2020-12-21,1812,EB517,4
1646,2020-12-22,441,TV810,3
1647,2020-12-22,1235,DS306,2
1648,2020-12-22,648,BP105,5
1649,2020-12-22,1948,RS702,6
1650,2020-12-22,40,TV813,3
1651,2020-12-22,1747,TV810,3
1652,2020-12-22,225,RK603,3
1653,2020-12-22,49,BP108,3
1654,2020-12-22,793,BP106,3
1655,2020-12-23,910,EB507,4
1656,2020-12-23,165,RK605,3
1657,2020-12-23,924,TV805,4
1658,2020-12-23,423,EB501,5
1659,2020-12-23,1043,EB503,3
1660,2020-12-24,723,RK606,4
1661,2020-12-24,1357,TV801,3
1662,2020-12-24,549,RK603,3
1663,2020-12-24,873,EB505,5
1664,2020-12-24,1918,EB519,3
1665,2020-12-24,1457,EB509,6
1666,2020-12-25,1883,TV804,5
1667,2020-12-25,1031,EB511,4
1668,2020-12-25,1265,TV811,2
1669,2020-12-25,217,TV808,3
1670,2020-12-25,1228,TV801,6
1671,2020-12-25,1273,TV809,6
1672,2020-12-26,1677,DS305,3
1673,2020-12-27,1256,TV809,4
1674,2020-12-27,331,DS306,5
1675,2020-12-28,265,DK201,2
1676,2020-12-28,1399,TV806,5
1677,2020-12-28,1113,EB517,5
1678,2020-12-28,1575,DS306,3
1679,2020-12-28,2086,BP102,6
1680,2020-12-28,638,DK202,6
1681,2020-12-29,2120,EB517,2
1682,2020-12-29,746,TV813,5
1683,2020-12-29,1044,BP110,1
1684,2020-12-30,1719,TV803,1
1685,2020-12-30,473,BP104,3
1686,2020-12-30,628,EB521,3
1687,2020-12-31,1155,RK606,4
1688,2020-12-31,1433,DS307,3
1689,2020-12-31,1103,EB517,3
1690,2020-12-31,269,EB506,4
1691,2020-12-31,1241,DS304,2
1692,2020-12-31,377,EB509,4
1693,2020-12-31,60,BP105,4
1694,2021-01-01,1887,EB505,4
1695,2021-01-01,398,EB512,5
1696,2021-01-01,1395,DS302,2
1697,2021-01-02,1715,EB509,2
1698,2021-01-02,230,DS304,4
1699,2021-01-02,1763,RK603,1
1700,2021-01-02,2097,BP102,3
1701,2021-01-03,1420,EB507,3
1702,2021-01-03,504,RK605,4
1703,2021-01-03,141,TV802,3
1704,2021-01-03,113,RS706,3
1705,2021-01-03,351,TV809,3
1706,2021-01-03,1418,DK206,4
1707,2021-01-04,1210,EB504,3
1708,2021-01-04,892,EB501,1
1709,2021-01-04,1808,DS306,2
1710,2021-01-04,1696,EB502,5
1711,2021-01-04,1387,DK208,2
1712,2021-01-04,1625,DS307,2
1713,2021-01-04,1246,DK205,4
1714,2021-01-04,1566,TV806,5
1715,2021-01-04,1509,EB511,5
1716,2021-01-05,252,EB508,3
1717,2021-01-05,1902,TV812,3
1718,2021-01-05,1752,TV801,2
1719,2021-01-05,1601,EB519,3
1720,2021-01-06,2061,BP102,2
1721,2021-01-06,24,EB508,4
1722,2021-01-06,1910,DK206,2
1723,2021-01-07,1175,TV804,2
1724,2021-01-07,1638,EB508,3
1725,2021-01-07,818,RK605,4
1726,2021-01-08,719,DS305,3
1727,2021-01-08,1559,DS304,5
1728,2021-01-09,1219,DS304,4
1729,2021-01-09,1676,EB513,1
1730,2021-01-09,232,EB512,5
1731,2021-01-09,1515,DS305,4
1732,2021-01-10,1064,DS306,2
1733,2021-01-11,1208,RS702,6
1734,2021-01-11,820,EB509,4
1735,2021-01-11,2021,RK602,3
1736,2021-01-11,1518,EB513,4
1737,2021-01-11,1315,EB508,3
1738,2021-01-11,762,TV803,3
1739,2021-01-11,2094,DS303,6
1740,2021-01-12,1037,TV809,4
1741,2021-01-12,1939,RS702,5
1742,2021-01-12,263,TV806,4
1743,2021-01-12,1796,RS707,3
1744,2021-01-12,700,RK606,5
1745,2021-01-13,594,BP107,5
1746,2021-01-13,831,TV808,5
1747,2021-01-13,411,BP102,3
1748,2021-01-13,1534,BP106,3
1749,2021-01-13,322,RK607,5
1750,2021-01-13,1005,EB508,4
1751,2021-01-13,291,EB506,3
1752,2021-01-13,2081,BP110,5
1753,2021-01-14,2108,EB513,6
1754,2021-01-14,1606,EB501,4
1755,2021-01-14,1564,BP101,2
1756,2021-01-14,619,BP101,2
1757,2021-01-14,2058,DS302,2
1758,2021-01-15,923,BP101,1
1759,2021-01-15,523,TV802,4
1760,2021-01-15,1548,RK604,5
1761,2021-01-15,2028,DK201,5
1762,2021-01-15,1342,BP104,5
1763,2021-01-16,1902,EB502,4
1764,2021-01-16,1052,EB514,2
1765,2021-01-16,139,TV804,1
1766,2021-01-16,463,BP106,4
1767,2021-01-16,2045,DK203,1
1768,2021-01-16,521,RS707,1
1769,2021-01-16,758,DK204,6
1770,2021-01-17,1604,BP110,1
1771,2021-01-17,865,TV801,5
1772,2021-01-17,2104,EB506,6
1773,2021-01-17,213,RK605,3
1774,2021-01-17,1860,TV813,3
1775,2021-01-17,1884,RS705,3
1776,2021-01-18,2047,RS704,3
1777,2021-01-18,16,DS301,2
1778,2021-01-18,1407,TV813,2
1779,2021-01-18,402,RK607,2
1780,2021-01-18,1917,DS307,2
1781,2021-01-19,234,DK202,4
1782,2021-01-19,160,DS304,5
1783,2021-01-19,1425,TV807,2
1784,2021-01-19,1716,DK205,6
1785,2021-01-20,1859,TV811,3
1786,2021-01-21,708,TV807,1
1787,2021-01-21,411,EB519,1
1788,2021-01-21,35,TV802,6
1789,2021-01-21,98,EB505,3
1790,2021-01-22,1821,EB507,4
1791,2021-01-22,401,TV806,3
1792,2021-01-22,154,DK206,4
1793,2021-01-22,1767,EB521,6
1794,2021-01-22,320,EB512,3
1795,2021-01-22,1672,EB501,5
1796,2021-01-22,1809,RS705,2
1797,2021-01-22,1489,DS302,4
1798,2021-01-23,1339,RK604,4
1799,2021-01-23,1512,RS707,4
1800,2021-01-23,344,EB514,3
1801,2021-01-23,42,EB503,4
1802,2021-01-24,300,TV810,2
1803,2021-01-24,1955,DK204,2
1804,2021-01-24,312,DS305,4
1805,2021-01-24,766,TV812,4
1806,2021-01-24,502,DS301,2
1807,2021-01-24,499,DS302,5
1808,2021-01-24,346,RK605,4
1809,2021-01-24,535,DK202,5
1810,2021-01-24,607,EB513,4
1811,2021-01-24,537,DK204,2
1812,2021-01-24,656,EB501,5
1813,2021-01-24,1760,BP108,2
1814,2021-01-24,1054,TV803,2
1815,2021-01-25,1360,EB518,1
1816,2021-01-25,426,EB508,6
1817,2021-01-25,950,DK208,2
1818,2021-01-25,1258,DK205,2
1819,2021-01-25,2029,BP109,3
1820,2021-01-26,854,EB507,2
1821,2021-01-26,291,TV812,3
1822,2021-01-26,1349,TV808,3
1823,2021-01-26,60,RK604,3
1824,2021-01-26,1426,DK207,2
1825,2021-01-27,1462,DK207,3
1826,2021-01-27,1483,DK204,2
1827,2021-01-27,1537,RS704,4
1828,2021-01-27,1241,RS707,5
1829,2021-01-28,1885,TV810,4
1830,2021-01-28,1321,TV804,4
1831,2021-01-29,1578,DS305,3
1832,2021-01-29,1525,RK607,3
1833,2021-01-29,827,BP109,2
1834,2021-01-29,1697,DK209,6
1835,2021-01-29,1791,DS302,4
1836,2021-01-29,1135,EB501,2
1837,2021-01-29,446,BP101,5
1838,2021-01-29,576,EB501,6
1839,2021-01-30,385,DK209,2
1840,2021-01-30,1360,EB517,6
1841,2021-01-30,504,DK202,4
1842,2021-01-30,347,EB507,4
1843,2021-01-30,1728,RK602,2
1844,2021-01-31,284,TV808,6
1845,2021-01-31,1585,EB503,4
1846,2021-01-31,617,EB518,3
1847,2021-01-31,579,EB504,4
1848,2021-01-31,1873,TV804,4
1849,2021-01-31,1791,TV805,5
1850,2021-01-31,1215,EB504,1
1851,2021-02-01,1349,RK602,3
1852,2021-02-01,1747,DK202,3
1853,2021-02-01,358,DK204,3
1854,2021-02-01,86,BP106,4
1855,2021-02-02,1590,EB506,3
1856,2021-02-02,767,BP104,2
1857,2021-02-02,1671,EB509,5
1858,2021-02-02,1543,DK203,5
1859,2021-02-03,1551,EB520,2
1860,2021-02-03,613,EB503,4
1861,2021-02-04,967,RK607,3
1862,2021-02-04,683,RS705,4
1863,2021-02-04,265,RS703,5
1864,2021-02-05,1617,BP102,3
1865,2021-02-05,1663,DS302,6
1866,2021-02-05,387,DK208,5
1867,2021-02-05,398,DS302,4
1868,2021-02-06,601,EB506,2
1869,2021-02-06,2024,DK208,3
1870,2021-02-06,127,EB512,3
1871,2021-02-06,170,EB501,2
1872,2021-02-06,361,TV803,2
1873,2021-02-06,1317,RS702,4
1874,2021-02-07,1993,DK207,4
1875,2021-02-07,782,EB517,3
1876,2021-02-07,987,RK603,3
1877,2021-02-07,66,EB521,2
1878,2021-02-08,1740,RS707,5
1879,2021-02-08,1180,EB512,5
1880,2021-02-08,1907,EB519,3
1881,2021-02-08,1698,DK203,1
1882,2021-02-08,724,BP104,5
1883,2021-02-08,556,DK206,3
1884,2021-02-08,955,TV809,3
1885,2021-02-08,706,EB511,3
1886,2021-02-09,10,DK209,3
1887,2021-02-09,908,DK203,2
1888,2021-02-09,1376,EB504,5
1889,2021-02-09,1894,TV803,3
1890,2021-02-10,81,EB511,3
1891,2021-02-10,1777,EB514,5
1892,2021-02-10,1496,EB517,3
1893,2021-02-10,710,RS707,2
1894,2021-02-11,67,BP107,3
1895,2021-02-11,1406,BP101,3
1896,2021-02-11,1161,DK201,3
1897,2021-02-11,620,EB511,2
1898,2021-02-12,2079,BP110,5
1899,2021-02-12,1243,TV810,5
1900,2021-02-12,1616,EB509,2
1901,2021-02-12,628,EB517,5
1902,2021-02-12,1981,RS707,6
1903,2021-02-12,1928,BP104,2
1904,2021-02-13,1830,EB521,4
1905,2021-02-13,1194,EB514,4
1906,2021-02-13,852,EB502,3
1907,2021-02-13,35,EB505,3
1908,2021-02-13,818,BP107,6
1909,2021-02-13,688,RK603,2
1910,2021-02-13,1307,RK602,5
1911,2021-02-13,737,BP102,5
1912,2021-02-13,1247,DK203,3
1913,2021-02-14,1735,BP110,3
1914,2021-02-14,1489,EB502,2
1915,2021-02-14,399,RK607,5
1916,2021-02-14,892,DS304,4
1917,2021-02-14,1303,DS302,2
1918,2021-02-15,752,DK201,5
1919,2021-02-15,379,TV808,4
1920,2021-02-15,1277,EB504,3
1921,2021-02-15,1987,DK208,3
1922,2021-02-15,45,RS702,1
1923,2021-02-15,1315,TV813,3
1924,2021-02-15,1549,EB517,3
1925,2021-02-16,971,DK204,4
1926,2021-02-16,603,BP107,3
1927,2021-02-16,571,TV811,2
1928,2021-02-16,263,DS305,4
1929,2021-02-16,1258,TV804,2
1930,2021-02-16,1190,DK208,3
1931,2021-02-16,1472,BP101,4
1932,2021-02-16,211,EB507,4
1933,2021-02-17,1596,RS704,3
1934,2021-02-17,180,RS705,4
1935,2021-02-18,185,EB509,4
1936,2021-02-18,628,RK607,3
1937,2021-02-18,2012,TV802,4
1938,2021-02-18,1043,DS303,2
1939,2021-02-19,1956,DS303,4
1940,2021-02-19,262,RS705,3
1941,2021-02-20,1379,RS705,4
1942,2021-02-20,134,TV801,5
1943,2021-02-20,1201,DK205,2
1944,2021-02-21,1674,DK202,3
1945,2021-02-21,936,TV812,2
1946,2021-02-21,866,EB514,5
1947,2021-02-21,978,TV802,3
1948,2021-02-22,1552,EB503,3
1949,2021-02-22,179,EB505,3
1950,2021-02-22,1806,EB519,1
1951,2021-02-22,588,EB521,4
1952,2021-02-22,496,EB508,2
1953,2021-02-22,221,RS702,3
1954,2021-02-22,2062,DK203,2
1955,2021-02-23,1630,RK604,4
1956,2021-02-23,389,EB514,4
1957,2021-02-23,200,TV805,5
1958,2021-02-23,1188,DS302,1
1959,2021-02-23,1777,BP107,4
1960,2021-02-24,1269,RS704,3
1961,2021-02-24,2033,BP104,4
1962,2021-02-24,404,DS301,5
1963,2021-02-24,1103,BP104,1
1964,2021-02-24,1732,EB519,3
1965,2021-02-25,1599,TV809,3
1966,2021-02-25,935,BP108,4
1967,2021-02-25,964,DS304,2
1968,2021-02-25,938,TV804,2
1969,2021-02-25,1034,BP107,5
1970,2021-02-25,1800,BP108,5
1971,2021-02-26,688,EB507,6
1972,2021-02-26,567,EB518,3
1973,2021-02-26,367,DS306,6
1974,2021-02-26,2024,DS301,5
1975,2021-02-26,293,EB501,5
1976,2021-02-27,1324,TV807,1
1977,2021-02-27,1627,RS704,2
1978,2021-02-27,1181,RK607,2
1979,2021-02-28,1906,TV809,3
1980,2021-02-28,152,RK602,4
1981,2021-02-28,184,DK205,4
1982,2021-02-28,297,DS305,6
1983,2021-03-01,2076,DK208,2
1984,2021-03-01,307,TV804,3
1985,2021-03-01,1682,DK208,3
1986,2021-03-01,1386,DK207,5
1987,2021-03-01,1699,DS303,2
1988,2021-03-01,1952,DS302,2
1989,2021-03-01,2041,RS703,4
1990,2021-03-01,1966,DK204,4
1991,2021-03-01,864,DS305,4
1992,2021-03-02,1589,BP110,4
1993,2021-03-02,2058,TV801,4
1994,2021-03-02,273,RK606,3
1995,2021-03-02,1886,TV805,2
1996,2021-03-03,1496,RS707,2
1997,2021-03-03,1378,RK606,2
1998,2021-03-03,243,DK205,2
1999,2021-03-04,1566,EB521,2
2000,2021-03-04,615,EB506,4
2001,2021-03-04,174,EB505,4
2002,2021-03-04,1998,TV810,6
2003,2021-03-04,7,EB514,3
2004,2021-03-05,797,DK203,4
2005,2021-03-05,1421,RS702,1
2006,2021-03-05,394,TV807,3
2007,2021-03-05,2033,RK604,5
2008,2021-03-06,1759,TV802,4
2009,2021-03-06,1314,TV803,2
2010,2021-03-06,1163,EB506,3
2011,2021-03-07,593,BP107,4
2012,2021-03-07,2002,DK208,5
2013,2021-03-07,1130,EB505,4
2014,2021-03-07,1661,EB516,3
2015,2021-03-07,1131,BP110,4
2016,2021-03-07,67,BP104,5
2017,2021-03-07,1761,DS301,2
2018,2021-03-07,520,DS305,3
2019,2021-03-07,291,DK206,6
2020,2021-03-07,2083,BP102,3
2021,2021-03-08,940,TV809,2
2022,2021-03-09,1001,DS301,2
2023,2021-03-09,1607,EB504,3
2024,2021-03-09,1243,DK202,5
2025,2021-03-09,1749,EB513,4
2026,2021-03-10,1928,EB516,4
2027,2021-03-10,71,RK604,2
2028,2021-03-11,1724,TV806,5
2029,2021-03-11,827,BP101,2
2030,2021-03-11,309,EB505,3
2031,2021-03-11,1907,RS706,1
2032,2021-03-12,1118,TV807,2
2033,2021-03-12,244,EB503,6
2034,2021-03-12,949,EB508,3
2035,2021-03-12,643,EB507,3
2036,2021-03-12,505,BP102,3
2037,2021-03-13,234,DS302,3
2038,2021-03-13,1042,TV812,2
2039,2021-03-13,998,TV802,3
2040,2021-03-13,2103,EB520,3
2041,2021-03-13,120,RS703,2
2042,2021-03-14,421,TV810,3
2043,2021-03-14,1648,TV802,4
2044,2021-03-14,1589,TV813,4
2045,2021-03-14,1300,EB519,4
2046,2021-03-14,991,EB506,2
2047,2021-03-14,1202,DK201,5
2048,2021-03-14,1210,EB507,4
2049,2021-03-15,191,DS306,4
2050,2021-03-15,619,TV808,3
2051,2021-03-16,1720,BP107,5
2052,2021-03-16,269,DS304,2
2053,2021-03-16,185,RS704,2
2054,2021-03-16,1202,TV811,4
2055,2021-03-16,1375,BP101,3
2056,2021-03-16,1116,DK201,2
2057,2021-03-17,711,DK204,3
2058,2021-03-17,1591,RK606,4
2059,2021-03-18,988,EB512,3
2060,2021-03-18,763,TV812,1
2061,2021-03-18,2038,BP104,2
2062,2021-03-18,635,DS306,2
2063,2021-03-19,1614,TV811,2
2064,2021-03-19,1873,EB501,5
2065,2021-03-19,328,TV812,2
2066,2021-03-19,1397,EB504,3
2067,2021-03-19,1751,EB501,4
2068,2021-03-19,844,DS307,3
2069,2021-03-20,2081,EB508,2
2070,2021-03-20,1976,BP108,4
2071,2021-03-20,999,EB511,4
2072,2021-03-20,20,BP110,5
2073,2021-03-21,1960,DK203,4
2074,2021-03-22,1004,DK206,4
2075,2021-03-22,1198,DS305,3
2076,2021-03-22,1856,BP101,4
2077,2021-03-22,1411,RK602,2
2078,2021-03-22,1304,DS306,4
2079,2021-03-23,813,DS307,4
2080,2021-03-24,1190,RS705,3
2081,2021-03-24,1040,TV801,3
2082,2021-03-24,213,DK206,2
2083,2021-03-24,1657,DK207,4
2084,2021-03-24,271,RS707,4
2085,2021-03-24,857,TV807,4
2086,2021-03-24,1759,DK203,3
2087,2021-03-25,1168,BP109,2
2088,2021-03-25,836,EB516,3
2089,2021-03-25,1128,DS303,5
2090,2021-03-25,1022,BP109,3
2091,2021-03-25,2079,EB511,5
2092,2021-03-25,1904,DK203,3
2093,2021-03-25,1172,EB521,3
2094,2021-03-26,70,DK206,5
2095,2021-03-26,2116,EB514,3
2096,2021-03-26,1975,EB502,1
2097,2021-03-26,2096,EB504,4
2098,2021-03-27,1498,DK201,2
2099,2021-03-27,368,EB502,3
2100,2021-03-28,955,EB512,5
2101,2021-03-28,832,DK208,5
2102,2021-03-28,1006,DK203,4
2103,2021-03-28,1589,EB513,3
2104,2021-03-29,1333,DS303,2
2105,2021-03-29,1653,DS307,2
2106,2021-03-29,64,TV812,1
2107,2021-03-29,1010,EB520,3
2108,2021-03-29,1242,DS301,6
2109,2021-03-29,1195,TV801,1
2110,2021-03-29,2098,RK605,2
2111,2021-03-29,705,DK206,2
2112,2021-03-29,440,BP108,2
2113,2021-03-30,795,DS305,3
2114,2021-03-30,488,DK202,3
2115,2021-03-30,344,EB503,3
2116,2021-03-30,1297,RS705,4
2117,2021-03-31,1923,EB507,3
2118,2021-03-31,946,EB505,5
2119,2021-03-31,1164,EB514,4
2120,2021-04-01,698,BP110,5
2121,2021-04-01,1085,DK204,6
2122,2021-04-01,980,TV813,1
2123,2021-04-01,1587,RS707,5
2124,2021-04-01,1414,DK203,3
2125,2021-04-02,643,RK605,5
2126,2021-04-02,292,DS306,5
2127,2021-04-02,579,DS305,5
2128,2021-04-02,1508,TV802,2
2129,2021-04-02,126,EB512,5
2130,2021-04-02,624,EB503,4
2131,2021-04-02,319,BP107,5
2132,2021-04-02,1259,RS704,5
2133,2021-04-02,591,EB505,3
2134,2021-04-02,1758,EB503,5
2135,2021-04-02,1699,EB519,3
2136,2021-04-03,882,BP105,5
2137,2021-04-03,2110,DS305,1
2138,2021-04-03,731,BP110,3
2139,2021-04-03,1142,TV811,4
2140,2021-04-03,1039,EB502,2
2141,2021-04-04,2056,TV806,3
2142,2021-04-04,1378,EB507,2
2143,2021-04-05,993,RK605,1
2144,2021-04-05,296,TV810,3
2145,2021-04-06,1016,BP107,1
2146,2021-04-07,1829,TV806,3
2147,2021-04-07,424,DK201,4
2148,2021-04-08,1859,RK607,5
2149,2021-04-08,1821,RK606,2
2150,2021-04-08,1046,BP110,4
2151,2021-04-08,172,DK204,3
2152,2021-04-08,928,TV806,3
2153,2021-04-08,1750,BP110,6
2154,2021-04-09,1190,RK604,2
2155,2021-04-09,1843,EB509,5
2156,2021-04-09,1444,EB507,2
2157,2021-04-09,1040,EB507,3
2158,2021-04-09,681,RK603,4
2159,2021-04-09,561,TV809,4
2160,2021-04-09,1162,EB518,5
2161,2021-04-10,509,TV810,4
2162,2021-04-10,405,BP110,5
2163,2021-04-10,1879,TV808,3
2164,2021-04-10,1638,EB506,2
2165,2021-04-10,1704,RS706,4
2166,2021-04-11,963,DK205,6
2167,2021-04-11,87,BP101,6
2168,2021-04-11,1971,DS303,5
2169,2021-04-11,1430,DK209,2
2170,2021-04-12,1587,EB514,2
2171,2021-04-12,1804,EB504,3
2172,2021-04-12,1620,TV802,3
2173,2021-04-12,842,BP108,2
2174,2021-04-12,606,EB518,6
2175,2021-04-12,486,DS302,3
2176,2021-04-13,754,DK208,5
2177,2021-04-13,98,BP102,3
2178,2021-04-14,28,DS305,2
2179,2021-04-14,1220,DS304,5
2180,2021-04-14,1532,EB505,5
2181,2021-04-14,940,EB501,2
2182,2021-04-14,1708,RK602,3
2183,2021-04-15,76,DK206,3
2184,2021-04-15,1441,BP102,1
2185,2021-04-15,336,DK208,4
2186,2021-04-15,13,EB501,6
2187,2021-04-15,1383,DS301,3
2188,2021-04-15,481,BP110,1
2189,2021-04-15,1233,BP108,5
2190,2021-04-16,465,TV812,5
2191,2021-04-16,892,RS705,4
2192,2021-04-16,1500,RS705,4
2193,2021-04-16,2087,RK603,2
2194,2021-04-16,1226,RK605,2
2195,2021-04-17,683,DK208,3
2196,2021-04-17,1243,DS306,4
2197,2021-04-17,1098,TV812,3
2198,2021-04-18,360,EB514,5
2199,2021-04-18,1577,DS305,4
2200,2021-04-18,2048,EB519,6
2201,2021-04-18,1568,EB506,5
2202,2021-04-18,1441,BP109,3
2203,2021-04-19,1392,DK208,3
2204,2021-04-19,259,DS303,4
2205,2021-04-19,1171,TV813,4
2206,2021-04-19,452,EB521,2
2207,2021-04-19,471,TV807,5
2208,2021-04-19,1258,BP101,3
2209,2021-04-19,1682,TV812,5
2210,2021-04-20,990,TV803,3
2211,2021-04-20,79,RS703,4
2212,2021-04-20,610,DK207,4
2213,2021-04-20,1947,EB504,4
2214,2021-04-21,974,BP109,5
2215,2021-04-21,859,DK203,2
2216,2021-04-22,1550,RK607,5
2217,2021-04-22,1587,DS302,3
2218,2021-04-22,883,BP108,2
2219,2021-04-22,679,DS302,4
2220,2021-04-22,1823,EB514,6
2221,2021-04-22,866,TV803,3
2222,2021-04-22,511,BP107,2
2223,2021-04-23,1578,DK208,1
2224,2021-04-23,2089,RK605,4
2225,2021-04-23,1533,EB503,3
2226,2021-04-23,412,DK206,4
2227,2021-04-23,297,BP110,5
2228,2021-04-23,1057,EB512,3
2229,2021-04-23,1328,EB502,4
2230,2021-04-24,1573,TV809,4
2231,2021-04-24,871,DS301,5
2232,2021-04-24,206,TV801,5
2233,2021-04-24,1059,TV802,2
2234,2021-04-24,956,TV808,4
2235,2021-04-24,32,TV807,4
2236,2021-04-24,691,EB502,2
2237,2021-04-25,1191,BP107,4
2238,2021-04-25,329,BP107,3
2239,2021-04-25,1226,TV810,3
2240,2021-04-25,1970,EB514,5
2241,2021-04-26,853,EB516,1
2242,2021-04-26,198,EB503,3
2243,2021-04-26,1188,RK606,4
2244,2021-04-27,1485,EB506,2
2245,2021-04-27,1628,BP102,4
2246,2021-04-27,1016,DS304,5
2247,2021-04-28,591,DK207,1
2248,2021-04-28,1947,TV812,4
2249,2021-04-28,1647,RS706,5
2250,2021-04-28,451,RS707,4
2251,2021-04-29,1571,RS703,3
2252,2021-04-29,1200,EB513,2
2253,2021-04-30,825,EB505,3
2254,2021-04-30,549,DK204,2
2255,2021-04-30,1016,EB516,3
2256,2021-04-30,938,DS301,2
2257,2021-04-30,2113,RK607,6
2258,2021-05-01,1809,TV813,3
2259,2021-05-01,1011,EB520,1
2260,2021-05-01,882,EB506,6
2261,2021-05-01,1752,TV806,4
2262,2021-05-01,1536,BP108,5
2263,2021-05-01,668,EB508,4
2264,2021-05-01,136,EB521,5
2265,2021-05-01,1941,TV811,4
2266,2021-05-02,72,TV812,2
2267,2021-05-02,334,RK605,5
2268,2021-05-02,1961,TV803,4
2269,2021-05-02,764,EB514,4
2270,2021-05-02,1471,RS704,3
2271,2021-05-02,1712,DS301,3
2272,2021-05-03,1698,EB512,4
2273,2021-05-03,1417,RS702,4
2274,2021-05-03,119,RS706,4
2275,2021-05-03,1124,EB514,3
2276,2021-05-03,46,RK605,5
2277,2021-05-04,848,TV813,4
2278,2021-05-04,339,DK206,3
2279,2021-05-04,109,DS305,4
2280,2021-05-04,1045,BP104,3
2281,2021-05-04,1565,TV801,5
2282,2021-05-04,1940,DS307,3
2283,2021-05-04,545,TV801,3
2284,2021-05-04,837,RK604,2
2285,2021-05-05,1023,TV812,5
2286,2021-05-05,832,EB516,5
2287,2021-05-05,2021,EB507,5
2288,2021-05-06,1479,DK209,5
2289,2021-05-06,1990,EB512,1
2290,2021-05-06,993,EB521,4
2291,2021-05-06,931,DK202,3
2292,2021-05-06,1587,EB516,3
2293,2021-05-06,875,EB516,1
2294,2021-05-07,1054,BP101,3
2295,2021-05-07,1692,BP107,3
2296,2021-05-07,1315,RK604,1
2297,2021-05-07,344,TV804,5
2298,2021-05-08,1061,EB504,5
2299,2021-05-08,1275,BP104,3
2300,2021-05-08,1658,EB514,4
2301,2021-05-09,1389,EB502,4
2302,2021-05-09,49,DK207,2
2303,2021-05-10,2012,TV809,3
2304,2021-05-10,399,DK206,3
2305,2021-05-10,273,EB508,1
2306,2021-05-10,1032,BP109,2
2307,2021-05-10,1897,EB502,2
2308,2021-05-10,2065,RS703,4
2309,2021-05-10,138,EB519,3
2310,2021-05-10,2072,TV806,4
2311,2021-05-10,1929,BP109,3
2312,2021-05-11,1066,TV806,4
2313,2021-05-11,1357,RK604,4
2314,2021-05-11,910,EB503,6
2315,2021-05-11,1141,RK607,4
2316,2021-05-12,747,DK204,5
2317,2021-05-12,461,BP102,4
2318,2021-05-13,941,TV810,6
2319,2021-05-13,1306,DS302,3
2320,2021-05-13,634,DK203,2
2321,2021-05-13,829,EB520,3
2322,2021-05-13,1501,EB514,4
2323,2021-05-13,571,EB516,1
2324,2021-05-14,1778,EB508,4
2325,2021-05-14,420,TV801,2
2326,2021-05-14,449,TV812,4
2327,2021-05-14,1304,DS301,5
2328,2021-05-14,74,BP101,6
2329,2021-05-14,1633,RK606,5
2330,2021-05-14,382,BP107,4
2331,2021-05-15,1902,EB507,4
2332,2021-05-15,1472,TV811,4
2333,2021-05-15,1087,RS705,3
2334,2021-05-15,1628,TV807,3
2335,2021-05-15,1063,EB513,1
2336,2021-05-16,221,RK604,5
2337,2021-05-16,1363,EB504,4
2338,2021-05-16,1239,RS702,2
2339,2021-05-16,1515,RS706,2
2340,2021-05-16,1044,TV802,5
2341,2021-05-16,1262,TV805,6
2342,2021-05-17,731,EB504,3
2343,2021-05-17,2,TV811,5
2344,2021-05-17,14,DS304,3
2345,2021-05-17,1632,TV804,3
2346,2021-05-17,1059,RS704,2
2347,2021-05-17,497,EB521,5
2348,2021-05-17,809,EB509,4
2349,2021-05-18,688,DK204,2
2350,2021-05-18,1107,DK204,2
2351,2021-05-18,2060,DS307,4
2352,2021-05-19,55,EB511,3
2353,2021-05-19,722,EB503,3
2354,2021-05-19,819,BP101,5
2355,2021-05-19,1225,EB513,3
2356,2021-05-19,2104,RS706,4
2357,2021-05-19,956,RS706,4
2358,2021-05-20,2120,DS303,4
2359,2021-05-20,349,BP110,3
2360,2021-05-20,348,RK603,4
2361,2021-05-21,524,BP108,2
2362,2021-05-21,611,EB507,4
2363,2021-05-21,1870,EB502,1
2364,2021-05-22,1062,EB503,5
2365,2021-05-22,1975,DS302,2
2366,2021-05-22,1720,DS306,2
2367,2021-05-22,90,DS303,2
2368,2021-05-23,1749,RK602,4
2369,2021-05-23,2066,EB513,4
2370,2021-05-23,445,RK605,2
2371,2021-05-23,794,DK209,5
2372,2021-05-23,785,RK602,3
2373,2021-05-23,1921,EB512,4
2374,2021-05-24,608,EB517,5
2375,2021-05-24,961,DK201,3
2376,2021-05-25,430,DK203,3
2377,2021-05-25,1515,EB520,2
2378,2021-05-25,1759,DS303,2
2379,2021-05-26,846,BP101,4
2380,2021-05-26,759,BP110,3
2381,2021-05-26,1681,RK602,5
2382,2021-05-27,392,DK209,4
2383,2021-05-27,1207,EB518,3
2384,2021-05-27,101,TV812,4
2385,2021-05-28,1043,DK203,4
2386,2021-05-28,1818,RS705,5
2387,2021-05-29,1113,RK607,2
2388,2021-05-29,2081,TV808,6
2389,2021-05-30,1242,DK201,6
2390,2021-05-30,1691,TV801,3
2391,2021-05-30,277,RK602,4
2392,2021-05-30,641,EB513,4
2393,2021-05-31,819,TV809,3
2394,2021-05-31,2077,EB507,5
2395,2021-05-31,1690,EB518,5
2396,2021-06-01,1046,BP110,6
2397,2021-06-01,1836,DS303,1
2398,2021-06-01,770,EB520,1
2399,2021-06-01,646,BP104,3
2400,2021-06-01,87,TV805,3
2401,2021-06-02,729,RS702,3
2402,2021-06-02,1588,DS305,1
2403,2021-06-02,1270,EB518,2
2404,2021-06-02,904,DK205,4
2405,2021-06-03,390,EB509,3
2406,2021-06-03,1930,DK202,5
2407,2021-06-03,112,TV808,1
2408,2021-06-03,1623,RK603,5
2409,2021-06-03,356,BP110,5
2410,2021-06-03,782,EB511,3
2411,2021-06-04,267,TV804,3
2412,2021-06-04,1565,DS302,2
2413,2021-06-04,1462,TV813,5
2414,2021-06-04,1572,EB516,4
2415,2021-06-04,274,TV810,3
2416,2021-06-04,1119,DS304,5
2417,2021-06-05,145,EB508,1
2418,2021-06-05,1806,BP105,3
2419,2021-06-05,69,EB512,3
2420,2021-06-05,1677,RK604,3
2421,2021-06-05,567,RK605,5
2422,2021-06-05,256,TV810,4
2423,2021-06-05,1958,RK605,3
2424,2021-06-06,1934,DK205,3
2425,2021-06-06,1101,DS304,6
2426,2021-06-06,1445,DK203,6
2427,2021-06-06,202,DS304,5
2428,2021-06-06,720,EB514,1
2429,2021-06-07,614,DK206,3
2430,2021-06-08,469,RS702,4
2431,2021-06-08,677,BP102,2
2432,2021-06-08,1886,EB502,4
2433,2021-06-08,1610,EB508,6
2434,2021-06-08,959,EB503,3
2435,2021-06-08,127,BP110,4
2436,2021-06-09,1103,RK602,3
2437,2021-06-09,338,EB505,2
2438,2021-06-09,1227,EB519,4
2439,2021-06-09,2001,EB508,2
2440,2021-06-09,1462,RK606,2
2441,2021-06-10,155,TV805,2
2442,2021-06-10,807,DK204,5
2443,2021-06-10,1954,BP110,4
2444,2021-06-11,1012,RS706,5
2445,2021-06-11,2087,EB520,5
2446,2021-06-11,338,EB520,3
2447,2021-06-11,907,DS306,5
2448,2021-06-11,626,DK209,3
2449,2021-06-11,202,RS704,3
2450,2021-06-11,16,RS707,3
2451,2021-06-12,2068,RK602,3
2452,2021-06-12,645,DS303,5
2453,2021-06-12,534,BP109,5
2454,2021-06-12,1111,EB513,4
2455,2021-06-12,48,TV804,3
2456,2021-06-12,1249,EB507,3
2457,2021-06-12,1778,BP102,3
2458,2021-06-13,1776,DS307,1
2459,2021-06-13,1704,DK208,2
2460,2021-06-13,661,RS705,5
2461,2021-06-13,909,EB514,5
2462,2021-06-13,1524,RS703,5
2463,2021-06-13,583,TV805,4
2464,2021-06-13,575,RK606,5
2465,2021-06-14,432,EB504,2
2466,2021-06-14,501,EB502,4
2467,2021-06-14,1957,DS302,3
2468,2021-06-14,1637,BP108,3
2469,2021-06-14,1319,EB517,3
2470,2021-06-14,1902,RS703,3
2471,2021-06-15,1349,EB502,3
2472,2021-06-15,807,EB503,2
2473,2021-06-15,820,TV813,2
2474,2021-06-15,1032,EB517,3
2475,2021-06-15,2111,BP107,5
2476,2021-06-15,370,DS305,3
2477,2021-06-15,1921,BP105,3
2478,2021-06-15,1890,EB518,6
2479,2021-06-16,717,DS306,5
2480,2021-06-16,398,RS703,6
2481,2021-06-16,977,EB507,4
2482,2021-06-17,1010,BP107,3
2483,2021-06-17,669,EB514,3
2484,2021-06-17,1432,TV805,3
2485,2021-06-17,1707,BP109,4
2486,2021-06-17,766,EB508,5
2487,2021-06-17,1117,TV808,4
2488,2021-06-17,1430,BP106,4
2489,2021-06-17,1201,RK603,4
2490,2021-06-17,2021,DK205,2
2491,2021-06-17,1822,TV810,4
2492,2021-06-18,2003,TV810,5
2493,2021-06-18,914,RS705,6
2494,2021-06-18,685,RS702,2
2495,2021-06-18,1324,EB507,1
2496,2021-06-18,198,EB503,4
2497,2021-06-19,611,DK205,4
2498,2021-06-19,1131,BP104,2
2499,2021-06-19,1541,TV803,6
2500,2021-06-19,1481,RK604,5
2501,2021-06-19,1013,DK202,2
2502,2021-06-20,1382,TV806,4
2503,2021-06-20,1676,TV806,1
2504,2021-06-20,1042,TV809,3
2505,2021-06-21,1138,BP110,5
2506,2021-06-21,1484,TV802,4
2507,2021-06-21,1756,DS301,2
2508,2021-06-21,909,BP110,2
2509,2021-06-21,474,RS705,5
2510,2021-06-21,1092,DK206,5
2511,2021-06-21,1337,BP109,3
2512,2021-06-21,1547,RK602,5
2513,2021-06-21,309,RS704,2
2514,2021-06-21,1552,DS305,6
2515,2021-06-21,1109,TV804,2
2516,2021-06-22,2119,BP107,4
2517,2021-06-22,522,RS707,5
2518,2021-06-22,973,BP102,1
2519,2021-06-22,599,EB513,4
2520,2021-06-22,793,DK203,2
2521,2021-06-22,904,EB503,4
2522,2021-06-22,125,RK602,1
2523,2021-06-23,1197,EB505,4
2524,2021-06-23,22,BP104,3
2525,2021-06-23,152,EB503,5
2526,2021-06-23,466,DK208,3
2527,2021-06-24,783,DK208,6
2528,2021-06-24,1731,DS307,3
2529,2021-06-24,1554,EB502,3
2530,2021-06-24,1310,TV809,3
2531,2021-06-24,867,BP107,2
2532,2021-06-24,28,DS306,3
2533,2021-06-25,985,RS702,1
2534,2021-06-25,1050,EB513,5
2535,2021-06-25,228,RS706,2
2536,2021-06-26,1177,EB503,6
2537,2021-06-26,1101,EB506,5
2538,2021-06-26,1494,RK607,2
2539,2021-06-26,931,EB505,3
2540,2021-06-27,859,DS305,6
2541,2021-06-27,1851,DK209,4
2542,2021-06-27,1351,DS302,1
2543,2021-06-27,654,EB521,3
2544,2021-06-28,277,DK202,3
2545,2021-06-28,625,DS303,5
2546,2021-06-28,772,EB512,4
2547,2021-06-28,614,TV805,4
2548,2021-06-29,449,TV804,3
2549,2021-06-29,88,BP102,1
2550,2021-06-29,1500,DK201,5
2551,2021-06-29,33,BP105,4
2552,2021-06-29,1743,EB508,3
2553,2021-06-29,341,EB502,5
2554,2021-06-29,261,BP105,2
2555,2021-06-30,1951,TV806,1
2556,2021-06-30,887,EB516,4
2557,2021-06-30,740,DK209,2
2558,2021-06-30,1958,DK201,3
2559,2021-06-30,2097,EB518,3
2560,2021-06-30,849,RS706,2
2561,2021-06-30,1774,EB521,5
2562,2021-06-30,1244,DS303,6
2563,2021-07-01,2043,BP107,3
2564,2021-07-01,1200,RK605,2
2565,2021-07-01,645,EB511,3
2566,2021-07-01,894,TV802,2
2567,2021-07-01,983,EB511,2
2568,2021-07-01,40,EB501,1
2569,2021-07-01,1915,RK605,2
2570,2021-07-01,490,EB521,4
2571,2021-07-01,634,TV812,5
2572,2021-07-02,222,TV813,2
2573,2021-07-02,378,EB505,5
2574,2021-07-02,404,TV808,2
2575,2021-07-03,1981,TV808,4
2576,2021-07-03,624,BP105,4
2577,2021-07-03,1024,TV805,4
2578,2021-07-03,106,BP109,3
2579,2021-07-03,904,TV803,2
2580,2021-07-03,1337,DS303,3
2581,2021-07-04,1804,EB503,3
2582,2021-07-05,1706,RK605,2
2583,2021-07-05,506,DS303,5
2584,2021-07-06,474,BP109,2
2585,2021-07-06,282,RK602,3
2586,2021-07-06,78,EB503,4
2587,2021-07-06,421,DS303,3
2588,2021-07-06,987,DK209,4
2589,2021-07-07,434,EB519,4
2590,2021-07-07,1953,TV801,6
2591,2021-07-07,1930,RK604,2
2592,2021-07-07,94,EB518,5
2593,2021-07-07,1834,BP105,3
2594,2021-07-08,119,BP109,5
2595,2021-07-08,732,DS302,4
2596,2021-07-08,263,DK202,4
2597,2021-07-08,364,BP106,2
2598,2021-07-08,1013,EB508,2
2599,2021-07-08,398,TV802,4
2600,2021-07-09,150,BP109,2
2601,2021-07-09,127,DS305,6
2602,2021-07-09,883,EB507,2
2603,2021-07-09,1392,RK605,5
2604,2021-07-09,733,TV811,6
2605,2021-07-09,1842,BP109,5
2606,2021-07-10,1244,EB512,5
2607,2021-07-10,617,BP110,1
2608,2021-07-10,1412,EB502,5
2609,2021-07-10,1864,TV809,3
2610,2021-07-10,1146,EB508,5
2611,2021-07-10,584,DK209,4
2612,2021-07-10,405,RK606,6
2613,2021-07-11,1878,RS707,4
2614,2021-07-11,737,RS707,2
2615,2021-07-11,1876,RK607,3
2616,2021-07-11,1762,TV804,2
2617,2021-07-11,1531,TV808,3
2618,2021-07-11,392,TV805,5
2619,2021-07-12,688,BP108,4
2620,2021-07-12,1425,EB509,5
2621,2021-07-12,1380,DS307,4
2622,2021-07-12,322,BP104,3
2623,2021-07-12,494,DS305,3
2624,2021-07-12,657,EB520,5
2625,2021-07-12,855,DK203,3
2626,2021-07-13,2066,BP102,2
2627,2021-07-13,196,EB506,1
2628,2021-07-14,557,TV802,4
2629,2021-07-14,1796,RS702,2
2630,2021-07-14,614,BP102,4
2631,2021-07-15,1644,DS305,3
2632,2021-07-15,711,DK201,4
2633,2021-07-15,222,TV809,1
2634,2021-07-15,1940,EB514,3
2635,2021-07-16,423,EB504,4
2636,2021-07-16,144,RS707,2
2637,2021-07-16,1974,DK201,2
2638,2021-07-16,1433,DS306,3
2639,2021-07-17,116,DK203,3
2640,2021-07-17,329,DK206,1
2641,2021-07-17,2024,EB513,2
2642,2021-07-17,833,EB513,3
2643,2021-07-17,1849,DK207,4
2644,2021-07-17,544,EB519,4
2645,2021-07-17,302,DK207,1
2646,2021-07-18,42,BP101,3
2647,2021-07-18,1693,DS301,3
2648,2021-07-18,755,BP106,4
2649,2021-07-18,1698,EB505,4
2650,2021-07-18,955,DS305,5
2651,2021-07-18,1790,BP105,3
2652,2021-07-19,301,TV811,4
2653,2021-07-19,2073,EB501,4
2654,2021-07-19,316,TV805,3
2655,2021-07-19,941,TV809,3
2656,2021-07-19,1956,RS703,6
2657,2021-07-19,121,EB502,5
2658,2021-07-20,761,TV813,4
2659,2021-07-20,501,BP108,3
2660,2021-07-20,2038,TV803,5
2661,2021-07-20,16,DK208,4
2662,2021-07-21,620,RK602,5
2663,2021-07-21,496,EB506,2
2664,2021-07-22,100,EB521,4
2665,2021-07-22,140,EB503,1
2666,2021-07-22,126,EB511,3
2667,2021-07-22,265,TV806,3
2668,2021-07-23,1069,TV802,5
2669,2021-07-23,366,RK605,2
2670,2021-07-24,1942,EB520,5
2671,2021-07-24,1781,EB521,2
2672,2021-07-24,1524,RK602,4
2673,2021-07-25,1497,TV811,4
2674,2021-07-25,1296,EB503,3
2675,2021-07-25,1731,TV811,4
2676,2021-07-25,1,TV803,2
2677,2021-07-25,2048,DS303,3
2678,2021-07-25,777,DS302,2
2679,2021-07-26,364,TV803,4
2680,2021-07-27,223,TV811,3
2681,2021-07-27,1851,RK602,3
2682,2021-07-27,379,EB504,4
2683,2021-07-27,2108,BP109,6
2684,2021-07-27,968,TV810,3
2685,2021-07-27,1178,TV812,2
2686,2021-07-27,1594,EB512,4
2687,2021-07-28,1311,TV807,2
2688,2021-07-28,518,BP102,2
2689,2021-07-28,1863,BP104,2
2690,2021-07-28,854,RK605,2
2691,2021-07-29,2119,BP109,4
2692,2021-07-30,1729,BP106,4
2693,2021-07-30,396,EB521,3
2694,2021-07-30,213,DK204,3
2695,2021-07-30,1658,BP106,3
2696,2021-07-30,1194,TV813,2
2697,2021-07-31,1203,RS707,5
2698,2021-07-31,880,TV810,2
2699,2021-07-31,1744,RS702,4
2700,2021-07-31,692,TV808,2
2701,2021-08-01,1213,TV809,3
2702,2021-08-01,544,DS306,2
2703,2021-08-01,1322,EB502,2
2704,2021-08-01,245,TV802,4
2705,2021-08-01,1148,RS706,6
2706,2021-08-02,1305,BP106,5
2707,2021-08-02,906,BP109,4
2708,2021-08-02,660,BP109,4
2709,2021-08-03,626,EB503,3
2710,2021-08-03,17,TV807,3
2711,2021-08-03,2051,RS704,5
2712,2021-08-03,1753,EB511,5
2713,2021-08-03,1841,RS703,3
2714,2021-08-03,1721,RS705,3
2715,2021-08-04,1706,EB518,4
2716,2021-08-04,1088,EB508,2
2717,2021-08-04,2034,DS303,5
2718,2021-08-04,796,BP109,3
2719,2021-08-05,432,EB509,3
2720,2021-08-05,1906,BP105,2
2721,2021-08-05,1219,DS301,1
2722,2021-08-05,1733,TV804,3
2723,2021-08-05,1351,RK607,4
2724,2021-08-05,1942,DK209,4
2725,2021-08-05,1811,BP105,3
2726,2021-08-05,2105,DK208,4
2727,2021-08-05,863,EB517,5
2728,2021-08-06,378,TV812,3
2729,2021-08-06,1549,RS706,5
2730,2021-08-06,1032,RK603,2
2731,2021-08-06,1337,TV805,3
2732,2021-08-06,1581,EB507,1
2733,2021-08-07,494,EB514,4
2734,2021-08-07,1654,BP109,3
2735,2021-08-07,476,DK204,2
2736,2021-08-07,320,TV803,4
2737,2021-08-07,1532,RK606,3
2738,2021-08-08,1102,DS301,5
2739,2021-08-08,327,DK208,1
2740,2021-08-08,1028,TV813,3
2741,2021-08-08,1760,BP106,4
2742,2021-08-09,581,RK603,4
2743,2021-08-09,2068,TV802,1
2744,2021-08-10,737,RS703,3
2745,2021-08-11,725,TV810,5
2746,2021-08-11,889,TV811,5
2747,2021-08-11,286,TV807,4
2748,2021-08-11,320,TV813,5
2749,2021-08-11,982,TV810,4
2750,2021-08-11,442,EB504,5
2751,2021-08-11,502,DK202,4
2752,2021-08-11,2055,BP105,3
2753,2021-08-12,459,EB501,4
2754,2021-08-12,1968,EB513,5
2755,2021-08-12,1461,TV802,5
2756,2021-08-13,175,TV804,3
2757,2021-08-13,100,EB516,4
2758,2021-08-13,1513,DK203,4
2759,2021-08-13,1812,EB503,5
2760,2021-08-14,552,DS306,4
2761,2021-08-14,2025,DK209,5
2762,2021-08-14,1592,EB509,4
2763,2021-08-14,1746,EB504,2
2764,2021-08-15,281,TV806,4
2765,2021-08-15,1581,EB501,3
2766,2021-08-15,1381,TV810,6
2767,2021-08-16,400,EB504,2
2768,2021-08-16,1399,EB520,2
2769,2021-08-16,881,TV802,5
2770,2021-08-16,225,TV812,3
2771,2021-08-17,1890,EB514,2
2772,2021-08-17,1395,EB502,3
2773,2021-08-18,1755,EB505,5
2774,2021-08-18,1177,RS702,5
2775,2021-08-18,551,TV812,3
2776,2021-08-18,1179,EB502,1
2777,2021-08-18,90,TV805,5
2778,2021-08-18,1597,RS704,3
2779,2021-08-19,1687,TV802,3
2780,2021-08-19,88,EB501,5
2781,2021-08-20,180,TV809,3
2782,2021-08-20,1202,RS702,4
2783,2021-08-20,444,TV808,2
2784,2021-08-20,2116,TV806,4
2785,2021-08-21,1813,TV801,5
2786,2021-08-21,1656,DK202,6
2787,2021-08-21,1977,EB520,1
2788,2021-08-21,1438,BP109,3
2789,2021-08-22,373,RK603,4
2790,2021-08-22,62,EB511,2
2791,2021-08-22,1268,BP108,2
2792,2021-08-22,1526,RS704,4
2793,2021-08-22,1957,EB502,1
2794,2021-08-22,1016,RS703,4
2795,2021-08-23,142,EB506,5
2796,2021-08-23,728,DS301,2
2797,2021-08-23,1047,RS706,4
2798,2021-08-23,235,TV810,3
2799,2021-08-24,1997,BP108,5
2800,2021-08-24,971,EB509,4
2801,2021-08-24,1136,BP108,4
2802,2021-08-24,1246,DK206,6
2803,2021-08-25,403,EB509,3
2804,2021-08-25,1246,EB506,4
2805,2021-08-26,1935,TV803,2
2806,2021-08-26,1413,RS703,6
2807,2021-08-26,1369,TV811,4
2808,2021-08-26,1440,EB507,2
2809,2021-08-26,1848,RK606,2
2810,2021-08-26,1867,EB511,2
2811,2021-08-27,2009,RK603,4
2812,2021-08-27,755,DS303,4
2813,2021-08-28,1865,DK204,2
2814,2021-08-28,1308,TV809,3
2815,2021-08-28,1831,TV812,1
2816,2021-08-28,1298,BP106,4
2817,2021-08-28,1838,DS306,2
2818,2021-08-28,2064,BP101,3
2819,2021-08-28,20,BP110,6
2820,2021-08-28,1370,RK606,3
2821,2021-08-28,2092,EB512,6
2822,2021-08-29,633,DS303,4
2823,2021-08-29,850,EB507,5
2824,2021-08-29,511,TV804,5
2825,2021-08-29,1331,EB508,2
2826,2021-08-29,1676,EB508,4
2827,2021-08-29,1856,DS303,2
2828,2021-08-30,518,EB501,3
2829,2021-08-30,1897,RS702,5
2830,2021-08-30,246,EB521,3
2831,2021-08-30,1368,EB504,2
2832,2021-08-31,1324,RK606,3
2833,2021-08-31,172,EB513,3
2834,2021-08-31,455,EB507,2
2835,2021-08-31,323,EB509,4
2836,2021-08-31,1728,DK201,2
2837,2021-08-31,1366,RK605,2
2838,2021-08-31,1270,BP104,5
2839,2021-08-31,429,TV813,3
2840,2021-09-01,1819,RS702,4
2841,2021-09-01,1489,BP102,3
2842,2021-09-01,286,BP107,4
2843,2021-09-01,570,TV806,5
2844,2021-09-01,230,DS307,2
2845,2021-09-02,137,EB521,2
2846,2021-09-02,627,DK204,3
2847,2021-09-02,1534,TV808,1
2848,2021-09-03,314,DK204,3
2849,2021-09-03,700,BP110,5
2850,2021-09-03,785,TV803,5
2851,2021-09-03,140,RK604,6
2852,2021-09-03,652,RK606,3
2853,2021-09-03,1934,DS307,4
2854,2021-09-04,1670,TV806,5
2855,2021-09-04,1386,EB501,6
2856,2021-09-04,1291,BP110,2
2857,2021-09-04,1088,TV802,3
2858,2021-09-04,1853,RS705,2
2859,2021-09-05,1855,EB520,3
2860,2021-09-05,649,RS706,6
2861,2021-09-05,286,EB516,5
2862,2021-09-05,1559,RK605,3
2863,2021-09-05,1037,RS707,2
2864,2021-09-06,261,EB514,1
2865,2021-09-06,1284,EB501,4
2866,2021-09-06,471,RK602,3
2867,2021-09-06,1151,DK206,3
2868,2021-09-07,387,BP104,4
2869,2021-09-07,1574,EB513,5
2870,2021-09-07,500,BP101,2
2871,2021-09-07,1404,DS304,6
2872,2021-09-07,1287,EB511,6
2873,2021-09-07,230,DS304,3
2874,2021-09-08,2052,DS305,6
2875,2021-09-08,14,DK201,3
2876,2021-09-09,92,BP106,5
2877,2021-09-09,177,EB519,4
2878,2021-09-09,1490,EB513,4
2879,2021-09-09,1048,DK207,6
2880,2021-09-09,224,TV805,4
2881,2021-09-10,1815,DK203,5
2882,2021-09-10,751,EB513,1
2883,2021-09-10,718,RK606,5
2884,2021-09-10,205,DK202,3
2885,2021-09-11,24,DK208,3
2886,2021-09-11,2000,DK209,3
2887,2021-09-11,349,DK203,4
2888,2021-09-12,1187,RS706,4
2889,2021-09-12,1282,EB517,4
2890,2021-09-12,1630,EB516,3
2891,2021-09-13,1648,EB501,5
2892,2021-09-14,1656,RS705,2
2893,2021-09-14,976,RS707,5
2894,2021-09-14,792,DK203,1
2895,2021-09-14,862,DS307,3
2896,2021-09-15,1880,RK605,3
2897,2021-09-16,1441,RS702,3
2898,2021-09-16,1227,EB521,2
2899,2021-09-16,2091,RK605,5
2900,2021-09-16,1406,RS704,6
2901,2021-09-16,2032,EB508,2
2902,2021-09-17,1441,RK607,2
2903,2021-09-17,856,EB512,2
2904,2021-09-17,853,DK203,5
2905,2021-09-17,248,TV807,3
2906,2021-09-17,358,RS702,3
2907,2021-09-17,967,EB506,2
2908,2021-09-17,504,DK209,3
2909,2021-09-18,1792,DK205,3
2910,2021-09-18,1478,DK201,3
2911,2021-09-18,1562,RS704,2
2912,2021-09-19,636,EB507,5
2913,2021-09-19,1931,EB513,1
2914,2021-09-20,1179,TV810,4
2915,2021-09-20,1832,EB516,4
2916,2021-09-20,104,TV805,4
2917,2021-09-21,1406,DK201,5
2918,2021-09-21,2079,BP102,1
2919,2021-09-21,1008,BP101,3
2920,2021-09-21,539,TV810,5
2921,2021-09-21,372,RS707,6
2922,2021-09-22,616,EB505,6
2923,2021-09-23,308,DS305,2
2924,2021-09-24,868,TV810,6
2925,2021-09-24,758,RS704,5
2926,2021-09-24,1125,BP108,2
2927,2021-09-24,1880,EB504,3
2928,2021-09-24,1579,RK603,2
2929,2021-09-24,1549,RK602,4
2930,2021-09-25,460,EB518,1
2931,2021-09-25,186,DK209,5
2932,2021-09-25,860,TV803,3
2933,2021-09-25,505,TV802,3
2934,2021-09-25,843,DK207,2
2935,2021-09-25,1872,EB509,2
2936,2021-09-26,435,DS305,5
2937,2021-09-26,995,EB520,2
2938,2021-09-27,311,BP102,2
2939,2021-09-27,725,BP110,2
2940,2021-09-27,1292,RS707,4
2941,2021-09-27,795,BP102,6
2942,2021-09-28,576,DS307,2
2943,2021-09-28,815,BP110,3
2944,2021-09-28,907,RS702,4
2945,2021-09-29,423,EB519,2
2946,2021-09-29,1346,EB516,3
2947,2021-09-29,726,TV803,4
2948,2021-09-29,817,EB513,5
2949,2021-09-30,1385,BP108,1
2950,2021-09-30,1795,DS305,3
2951,2021-09-30,529,EB503,6
2952,2021-09-30,1854,DS303,4
2953,2021-10-01,1180,EB521,2
2954,2021-10-01,206,DK205,3
2955,2021-10-02,481,TV801,4
2956,2021-10-02,112,DS307,4
2957,2021-10-03,224,DK208,4
2958,2021-10-03,1354,DK201,4
2959,2021-10-03,911,EB521,4
2960,2021-10-03,1446,RK603,2
2961,2021-10-03,585,DS306,3
2962,2021-10-03,944,BP102,3
2963,2021-10-03,2077,EB512,4
2964,2021-10-04,301,DS304,3
2965,2021-10-04,1523,EB518,4
2966,2021-10-04,1623,EB519,3
2967,2021-10-04,2070,EB511,2
2968,2021-10-04,1098,EB518,4
2969,2021-10-05,254,EB520,4
2970,2021-10-05,254,EB520,2
2971,2021-10-05,1239,DS307,4
2972,2021-10-05,1330,EB514,2
2973,2021-10-05,1997,EB506,3
2974,2021-10-06,1266,RK602,4
2975,2021-10-06,543,BP110,4
2976,2021-10-06,176,TV812,1
2977,2021-10-07,668,EB509,6
2978,2021-10-07,2062,TV810,1
2979,2021-10-07,1022,RK606,4
2980,2021-10-08,2038,EB516,4
2981,2021-10-08,2026,DS302,4
2982,2021-10-08,81,RK605,5
2983,2021-10-09,165,BP106,3
2984,2021-10-09,1005,EB505,1
2985,2021-10-09,1565,RK607,4
2986,2021-10-09,1061,TV806,4
2987,2021-10-09,1030,TV803,5
2988,2021-10-10,1132,TV813,2
2989,2021-10-10,255,RK606,5
2990,2021-10-10,1557,EB521,3
2991,2021-10-10,1582,BP109,4
2992,2021-10-10,1582,BP109,2
2993,2021-10-11,239,TV810,2
2994,2021-10-11,1585,BP110,3
2995,2021-10-12,1699,EB512,5
2996,2021-10-12,804,BP110,2
2997,2021-10-13,936,TV801,1
2998,2021-10-13,1011,TV804,2
2999,2021-10-13,950,TV806,3
3000,2021-10-13,573,TV805,4
3001,2021-10-13,1568,TV802,4
3002,2021-10-13,994,EB512,2
3003,2021-10-13,1505,RK605,5
3004,2021-10-13,2105,DK201,3
3005,2021-10-14,1232,TV805,3
3006,2021-10-14,1984,TV805,5
3007,2021-10-14,2062,EB513,1
3008,2021-10-14,125,TV811,2
3009,2021-10-14,1474,EB521,2
3010,2021-10-14,528,EB503,3
3011,2021-10-15,30,DS307,4
3012,2021-10-15,653,TV805,4
3013,2021-10-15,1340,EB508,5
3014,2021-10-15,1243,TV810,4
3015,2021-10-15,1529,DK203,5
3016,2021-10-15,104,EB512,2
3017,2021-10-16,1073,RS702,3
3018,2021-10-16,834,BP106,2
3019,2021-10-17,1458,DK202,3
3020,2021-10-17,1035,EB509,2
3021,2021-10-18,408,BP101,4
3022,2021-10-18,290,TV803,3
3023,2021-10-19,2099,DK204,3
3024,2021-10-19,686,DK209,5
3025,2021-10-19,994,EB516,4
3026,2021-10-19,1878,RS704,5
3027,2021-10-19,1705,DK202,3
3028,2021-10-19,1819,TV801,4
3029,2021-10-20,907,TV811,2
3030,2021-10-20,872,BP106,5
3031,2021-10-20,1394,DK207,1
3032,2021-10-21,1079,RK606,4
3033,2021-10-21,331,EB514,5
3034,2021-10-21,1325,RS705,3
3035,2021-10-21,1351,TV805,4
3036,2021-10-21,269,DK205,1
3037,2021-10-22,475,RK606,4
3038,2021-10-22,1957,EB514,3
3039,2021-10-22,1051,DK208,5
3040,2021-10-23,470,BP109,2
3041,2021-10-23,2120,DK203,3
3042,2021-10-23,1289,RK606,3
3043,2021-10-23,929,EB514,5
3044,2021-10-24,1281,BP109,5
3045,2021-10-24,305,TV806,2
3046,2021-10-24,1354,DK205,2
3047,2021-10-25,950,EB514,3
3048,2021-10-25,496,RS703,1
3049,2021-10-26,1804,EB519,3
3050,2021-10-26,61,DS307,3
3051,2021-10-26,583,RK605,1
3052,2021-10-26,1607,RK604,3
3053,2021-10-27,1966,DK209,4
3054,2021-10-27,9,DS305,5
3055,2021-10-27,9,DS305,3
3056,2021-10-27,1151,DS305,4
3057,2021-10-28,2090,TV813,2
3058,2021-10-28,1014,TV802,4
3059,2021-10-28,673,TV811,3
3060,2021-10-28,35,DS304,2
3061,2021-10-29,136,TV802,3
3062,2021-10-29,347,TV806,1
3063,2021-10-29,1740,BP107,5
3064,2021-10-29,1714,DS304,2
3065,2021-10-29,1926,DS303,3
3066,2021-10-30,504,RK604,3
3067,2021-10-30,63,DS306,2
3068,2021-10-30,1956,BP110,3
3069,2021-10-30,1448,DS303,2
3070,2021-10-30,1028,EB504,4
3071,2021-10-31,1018,DK208,2
3072,2021-10-31,711,EB504,1
3073,2021-10-31,514,DS303,4
3074,2021-10-31,1198,RK606,2
3075,2021-11-01,1276,RK606,2
3076,2021-11-01,33,BP110,4
3077,2021-11-01,1891,EB502,5
3078,2021-11-01,545,DS306,4
3079,2021-11-01,1598,TV808,2
3080,2021-11-01,1493,DK201,3
3081,2021-11-02,1931,EB504,3
3082,2021-11-02,1261,RK604,3
3083,2021-11-02,95,TV802,6
3084,2021-11-02,585,BP106,2
3085,2021-11-03,828,RS705,3
3086,2021-11-03,994,EB501,4
3087,2021-11-03,558,RK604,4
3088,2021-11-03,1656,DK206,2
3089,2021-11-03,283,DS301,1
3090,2021-11-04,779,EB520,4
3091,2021-11-04,1863,EB516,5
3092,2021-11-05,908,EB516,4
3093,2021-11-05,1188,RS707,2
3094,2021-11-05,1317,EB519,5
3095,2021-11-05,317,RS705,2
3096,2021-11-05,662,BP102,4
3097,2021-11-06,605,TV805,5
3098,2021-11-06,1884,BP102,6
3099,2021-11-06,1816,BP107,5
3100,2021-11-07,697,EB505,3
3101,2021-11-07,797,EB519,2
3102,2021-11-07,1801,TV802,4
3103,2021-11-07,92,DS304,2
3104,2021-11-07,1603,TV809,2
3105,2021-11-07,1137,DK202,2
3106,2021-11-08,607,TV810,3
3107,2021-11-08,1865,EB513,2
3108,2021-11-08,787,DS307,5
3109,2021-11-08,385,EB521,5
3110,2021-11-08,267,RS706,3
3111,2021-11-08,1178,TV803,4
3112,2021-11-08,472,RK604,5
3113,2021-11-08,1230,DK202,5
3114,2021-11-08,652,DS306,5
3115,2021-11-08,1591,RK606,2
3116,2021-11-09,1406,EB501,5
3117,2021-11-09,1796,RS702,1
3118,2021-11-09,206,EB503,5
3119,2021-11-09,876,BP105,2
3120,2021-11-09,2064,EB521,5
3121,2021-11-09,729,TV812,5
3122,2021-11-10,941,DK201,3
3123,2021-11-10,1166,EB505,5
3124,2021-11-10,496,EB507,5
3125,2021-11-11,788,EB502,5
3126,2021-11-11,1762,DS302,5
3127,2021-11-11,646,TV806,2
3128,2021-11-12,1956,EB501,2
3129,2021-11-12,1392,TV812,2
3130,2021-11-12,1001,BP105,5
3131,2021-11-12,1113,EB513,5
3132,2021-11-12,902,DK203,1
3133,2021-11-13,956,TV807,4
3134,2021-11-13,760,DK207,5
3135,2021-11-13,141,EB520,6
3136,2021-11-13,1765,EB517,2
3137,2021-11-14,147,TV811,3
3138,2021-11-15,451,RK604,6
3139,2021-11-15,882,DK209,2
3140,2021-11-16,502,RS703,2
3141,2021-11-16,900,BP105,4
3142,2021-11-16,2096,RS703,2
3143,2021-11-17,1916,EB507,1
3144,2021-11-18,1,BP102,5
3145,2021-11-18,36,TV802,6
3146,2021-11-18,1910,EB501,4
3147,2021-11-18,371,RK602,3
3148,2021-11-19,754,DK206,4
3149,2021-11-19,588,EB507,2
3150,2021-11-19,1279,RK605,5
3151,2021-11-19,1813,DS306,6
3152,2021-11-19,741,BP110,4
3153,2021-11-19,982,BP110,4
3154,2021-11-19,1878,EB506,3
3155,2021-11-20,1867,EB501,4
3156,2021-11-21,18,EB503,3
3157,2021-11-21,697,RK602,3
3158,2021-11-21,379,BP101,2
3159,2021-11-21,1808,DS302,2
3160,2021-11-21,694,BP110,4
3161,2021-11-21,852,EB521,3
3162,2021-11-21,1330,TV803,3
3163,2021-11-21,1214,DK203,6
3164,2021-11-21,627,EB505,3
3165,2021-11-22,1400,EB505,5
3166,2021-11-22,1299,DK204,4
3167,2021-11-22,901,BP107,2
3168,2021-11-22,1066,RK605,4
3169,2021-11-22,374,BP110,4
3170,2021-11-22,971,EB517,4
3171,2021-11-23,437,RS702,5
3172,2021-11-23,439,BP109,5
3173,2021-11-23,1748,RS702,2
3174,2021-11-23,924,RS703,3
3175,2021-11-24,608,EB520,4
3176,2021-11-24,624,TV807,6
3177,2021-11-24,1919,TV809,3
3178,2021-11-24,1953,EB513,3
3179,2021-11-25,83,DS304,2
3180,2021-11-25,1702,RS703,4
3181,2021-11-25,1875,RK605,3
3182,2021-11-25,1938,RK604,3
3183,2021-11-26,811,BP101,2
3184,2021-11-26,1675,TV812,4
3185,2021-11-26,942,BP110,6
3186,2021-11-26,1660,TV812,3
3187,2021-11-27,258,TV809,4
3188,2021-11-27,1870,DS305,4
3189,2021-11-27,1853,EB506,3
3190,2021-11-27,1293,TV808,4
3191,2021-11-27,1835,DK205,5
3192,2021-11-27,1747,RK602,3
3193,2021-11-27,2103,BP108,5
3194,2021-11-27,665,TV805,4
3195,2021-11-27,1479,TV812,3
3196,2021-11-28,1568,TV813,1
3197,2021-11-28,468,TV804,2
3198,2021-11-28,1488,DK205,5
3199,2021-11-29,1949,DK208,1
3200,2021-11-29,322,DK207,5
3201,2021-11-29,1288,DK208,6
3202,2021-11-29,1743,TV805,5
3203,2021-11-29,650,RS707,4
3204,2021-11-30,765,DS307,5
3205,2021-11-30,13,DS306,4
3206,2021-11-30,471,DK206,3
3207,2021-11-30,161,EB518,1
3208,2021-11-30,209,DK209,6
3209,2021-11-30,1363,BP101,4
3210,2021-12-01,308,TV812,5
3211,2021-12-02,1767,DS305,3
3212,2021-12-02,1553,EB517,5
3213,2021-12-02,73,DS306,4
3214,2021-12-02,1105,EB516,5
3215,2021-12-03,1982,EB508,1
3216,2021-12-03,678,EB509,3
3217,2021-12-03,469,BP102,2
3218,2021-12-03,247,EB516,3
3219,2021-12-04,628,DK209,2
3220,2021-12-04,1094,RS705,6
3221,2021-12-05,1107,DK203,2
3222,2021-12-05,1361,TV810,5
3223,2021-12-05,1992,DK201,6
3224,2021-12-05,2057,TV811,5
3225,2021-12-05,1352,RK603,4
3226,2021-12-05,399,TV808,3
3227,2021-12-06,1409,DK205,4
3228,2021-12-06,792,TV807,3
3229,2021-12-06,991,EB517,5
3230,2021-12-06,1111,EB509,5
3231,2021-12-06,716,TV803,4
3232,2021-12-06,1472,EB508,4
3233,2021-12-06,1204,DK204,4
3234,2021-12-06,879,EB512,3
3235,2021-12-07,575,TV808,3
3236,2021-12-07,1547,EB521,4
3237,2021-12-07,1294,RS705,4
3238,2021-12-08,1679,DS301,4
3239,2021-12-08,1115,TV811,3
3240,2021-12-08,568,DS301,5
3241,2021-12-08,463,RS704,2
3242,2021-12-08,895,EB516,3
3243,2021-12-08,142,EB521,3
3244,2021-12-08,335,RS705,3
3245,2021-12-09,679,DS303,3
3246,2021-12-09,1247,BP109,4
3247,2021-12-10,1389,RK604,2
3248,2021-12-10,636,EB516,3
3249,2021-12-10,1907,DK208,5
3250,2021-12-10,1487,DK205,5
3251,2021-12-10,1482,BP107,3
3252,2021-12-10,1078,DS306,5
3253,2021-12-10,2019,DS306,5
3254,2021-12-10,595,TV810,6
3255,2021-12-11,658,DK208,4
3256,2021-12-11,593,EB501,2
3257,2021-12-11,118,RK604,4
3258,2021-12-11,980,EB516,2
3259,2021-12-11,454,TV809,3
3260,2021-12-12,793,BP109,4
3261,2021-12-12,533,EB514,4
3262,2021-12-12,443,RS703,3
3263,2021-12-13,358,TV811,1
3264,2021-12-13,951,TV805,4
3265,2021-12-13,964,TV802,6
3266,2021-12-14,256,EB504,4
3267,2021-12-14,928,EB513,2
3268,2021-12-14,998,DS306,5
3269,2021-12-14,1644,RK605,2
3270,2021-12-15,321,TV811,1
3271,2021-12-15,1876,DK204,4
3272,2021-12-15,1399,DS303,3
3273,2021-12-15,1442,EB519,6
3274,2021-12-15,1492,TV812,2
3275,2021-12-15,260,EB503,4
3276,2021-12-16,1396,EB517,2
3277,2021-12-17,775,RS706,5
3278,2021-12-17,653,BP109,5
3279,2021-12-17,317,TV802,1
3280,2021-12-18,1126,TV808,4
3281,2021-12-18,1624,EB505,4
3282,2021-12-18,921,TV801,2
3283,2021-12-18,1525,TV802,3
3284,2021-12-18,1895,EB511,5
3285,2021-12-19,2050,DS304,3
3286,2021-12-19,593,EB519,3
3287,2021-12-19,78,DK203,6
3288,2021-12-19,1850,DS305,2
3289,2021-12-19,1815,TV809,1
3290,2021-12-19,1227,EB517,2
3291,2021-12-20,1084,RS703,3
3292,2021-12-21,1403,EB501,2
3293,2021-12-21,821,EB517,2
3294,2021-12-21,1625,DK208,3
3295,2021-12-21,1224,DS306,2
3296,2021-12-22,1993,DS301,4
3297,2021-12-22,1099,TV801,6
3298,2021-12-22,365,RK603,5
3299,2021-12-22,170,BP107,5
3300,2021-12-23,1426,EB516,6
3301,2021-12-23,879,BP101,4
3302,2021-12-23,2066,RS704,2
3303,2021-12-24,719,RK605,3
3304,2021-12-24,1546,RK604,3
3305,2021-12-24,1357,DK207,3
3306,2021-12-25,1910,BP105,3
3307,2021-12-25,365,DK209,1
3308,2021-12-25,1039,DS307,2
3309,2021-12-25,1019,BP107,6
3310,2021-12-25,1267,DK201,3
3311,2021-12-25,1898,TV809,2
3312,2021-12-25,194,BP110,2
3313,2021-12-26,1566,DK204,3
3314,2021-12-26,910,RK607,4
3315,2021-12-26,1386,EB520,6
3316,2021-12-26,1664,EB517,1
3317,2021-12-26,644,BP102,3
3318,2021-12-27,496,DK203,3
3319,2021-12-27,1822,RS705,3
3320,2021-12-27,938,DK208,5
3321,2021-12-27,1291,RK606,4
3322,2021-12-27,1170,EB516,3
3323,2021-12-28,617,DK202,6
3324,2021-12-28,419,DK202,3
3325,2021-12-28,1949,DK201,4
3326,2021-12-29,27,DS301,3
3327,2021-12-29,1389,BP109,3
3328,2021-12-29,1836,RS702,4
3329,2021-12-29,922,RK602,3
3330,2021-12-30,875,EB513,4
3331,2021-12-30,1461,DS303,4
3332,2021-12-31,1214,DS307,3
3333,2021-12-31,1439,TV807,3
3334,2021-12-31,625,DS302,5
3335,2021-12-31,410,TV810,2
3336,2021-12-31,520,RS707,5
3337,2021-12-31,582,RK602,4
3338,2021-12-31,1225,TV810,5
3340,2021-11-15,5,EB508,2
